/*
Navicat MySQL Data Transfer

Source Server         : Mysql
Source Server Version : 50710
Source Host           : 127.0.0.1:3306
Source Database       : ajam

Target Server Type    : MYSQL
Target Server Version : 50710
File Encoding         : 65001

Date: 2016-12-14 11:34:27
*/

SET FOREIGN_KEY_CHECKS=0;

-- ----------------------------
-- Table structure for article
-- ----------------------------
DROP TABLE IF EXISTS `article`;
CREATE TABLE `article` (
  `etiquette` varchar(255) COLLATE utf8_bin DEFAULT NULL,
  `id` int(11) NOT NULL AUTO_INCREMENT,
  `author` int(11) NOT NULL,
  `title` mediumtext COLLATE utf8_bin NOT NULL,
  `type` varchar(255) COLLATE utf8_bin NOT NULL,
  `area` varchar(255) COLLATE utf8_bin NOT NULL,
  `abstract` text COLLATE utf8_bin NOT NULL,
  `keywords` text COLLATE utf8_bin NOT NULL,
  `date` datetime NOT NULL,
  `state` varchar(255) COLLATE utf8_bin NOT NULL,
  `cle` varchar(255) COLLATE utf8_bin NOT NULL,
  PRIMARY KEY (`id`),
  KEY `author` (`author`),
  CONSTRAINT `author` FOREIGN KEY (`author`) REFERENCES `personne` (`id`) ON DELETE CASCADE ON UPDATE CASCADE
) ENGINE=InnoDB AUTO_INCREMENT=161 DEFAULT CHARSET=utf8 COLLATE=utf8_bin ROW_FORMAT=COMPACT;

-- ----------------------------
-- Records of article
-- ----------------------------
INSERT INTO `article` VALUES ('AJAM-R1-16/', '92', '15', 0x4C2765787472616974207374616E64617264206465204C6F72656D20497073756D207574696C6973C383C2A920646570756973206C6520585649C383C2A8207369C383C2A8636C652065737420726570726F647569742063692D646573736F757320706F7572206C657320637572696575782E, 'Review article', 'Biomaterials', 0x44276FC383C2B9207669656E742D696C3F0D0A0D0A436F6E7472616972656D656E7420C383C2A020756E65206F70696E696F6E2072C383C2A970616E6475652C206C65204C6F72656D20497073756D206E27657374207061732073696D706C656D656E7420647520746578746520616CC383C2A961746F6972652E20496C2074726F7576652073657320726163696E65732064616E7320756E65206F6575767265206465206C61206C697474C383C2A9726174757265206C6174696E6520636C6173736971756520646174616E742064652034352061762E204A2E2D432E2C206C652072656E64616E74207669657578206465203230303020616E732E20556E2070726F666573736575722064752048616D7064656E2D5379646E657920436F6C6C6567652C20656E2056697267696E69652C20732765737420696E74C383C2A972657373C383C2A920C383C2A020756E20646573206D6F7473206C6174696E73206C657320706C7573206F6273637572732C20636F6E73656374657475722C2065787472616974206427756E2070617373616765206475204C6F72656D20497073756D2C20657420656E20C383C2A974756469616E7420746F7573206C657320757361676573206465206365206D6F742064616E73206C61206C697474C383C2A972617475726520636C617373697175652C2064C383C2A9636F7576726974206C6120736F7572636520696E636F6E7465737461626C65206475204C6F72656D20497073756D2E20496C2070726F7669656E7420656E2066616974206465732073656374696F6E7320312E31302E333220657420312E31302E3333206475202244652046696E6962757320426F6E6F72756D206574204D616C6F72756D2220284465732053757072C383C2AA6D6573204269656E73206574206465732053757072C383C2AA6D6573204D6175782920646520436963C383C2A9726F6E2E20436574206F7576726167652C207472C383C2A87320706F70756C616972652070656E64616E74206C612052656E61697373616E63652C2065737420756E207472616974C383C2A920737572206C61207468C383C2A96F726965206465206C27C383C2A97468697175652E204C6573207072656D69C383C2A8726573206C69676E6573206475204C6F72656D20497073756D2C20224C6F72656D20697073756D20646F6C6F722073697420616D65742E2E2E222C2070726F7669656E6E656E74206465206C612073656374696F6E20312E31302E33322E, 0x44276FC383C2B9207669656E742D696C3F0D0A0D0A436F6E7472616972656D656E7420C383C2A020756E65206F70696E696F6E2072C383C2A970616E6475652C206C65204C6F72656D20497073756D206E27657374207061732073696D706C656D656E7420647520746578746520616CC383C2A961746F6972652E20496C2074726F7576652073657320726163696E65732064616E7320756E65206F6575767265206465206C61206C697474C383C2A9726174757265206C6174696E6520636C6173736971756520646174616E742064652034352061762E204A2E2D432E2C206C652072656E64616E74207669657578206465203230303020616E732E20556E2070726F666573736575722064752048616D7064656E2D5379646E657920436F6C6C6567652C20656E2056697267696E69652C20732765737420696E74C383C2A972657373C383C2A920C383C2A020756E20646573206D6F7473206C6174696E73206C657320706C7573206F6273637572732C20636F6E73656374657475722C2065787472616974206427756E2070617373616765206475204C6F72656D20497073756D2C20657420656E20C383C2A974756469616E7420746F7573206C657320757361676573206465206365206D6F742064616E73206C61206C697474C383C2A972617475726520636C617373697175652C2064C383C2A9636F7576726974206C6120736F7572636520696E636F6E7465737461626C65206475204C6F72656D20497073756D2E20496C2070726F7669656E7420656E2066616974206465732073656374696F6E7320312E31302E333220657420312E31302E3333206475202244652046696E6962757320426F6E6F72756D206574204D616C6F72756D2220284465732053757072C383C2AA6D6573204269656E73206574206465732053757072C383C2AA6D6573204D6175782920646520436963C383C2A9726F6E2E20436574206F7576726167652C207472C383C2A87320706F70756C616972652070656E64616E74206C612052656E61697373616E63652C2065737420756E207472616974C383C2A920737572206C61207468C383C2A96F726965206465206C27C383C2A97468697175652E204C6573207072656D69C383C2A8726573206C69676E6573206475204C6F72656D20497073756D2C20224C6F72656D20697073756D20646F6C6F722073697420616D65742E2E2E222C2070726F7669656E6E656E74206465206C612073656374696F6E20312E31302E33322E, '2016-11-02 14:54:26', 'With Editor', 'cc2ada8e361b6cb9bedeaa4ccdf78bd3');
INSERT INTO `article` VALUES ('AJAM-D-16/', '93', '15', 0x61727469636C65, 'Review article', 'Catalysis/surface science', '', '', '2016-11-02 20:36:15', 'validation', 'e2c2c5f698b7b0336f04136ab099c64c');
INSERT INTO `article` VALUES ('AJAM-D-16/', '94', '16', 0x64666766, 'Review article', 'Biomaterials', '', '', '2016-11-02 21:21:07', 'validation', '07d8bf6c09c1a8ac929978eb00bee17c');
INSERT INTO `article` VALUES ('AJAM-D-16/', '95', '16', 0x61616161, 'Review article', 'Biomaterials', 0x616161, 0x616161, '2016-11-30 11:37:06', 'With Editor', '70e9c217a03b7daf07438dca45f61ae6');
INSERT INTO `article` VALUES ('AJAM-D-16/', '97', '18', 0x67676767, '', '', '', '', '2016-11-02 22:05:55', 'validation', '88c319f4905ca6200b13941f520d586a');
INSERT INTO `article` VALUES ('AJAM-R2-16/', '98', '19', 0x67657A, 'Regular paper', 'Biomaterials', 0x66647366736466, '', '2016-11-05 10:26:09', 'Revision 2', '3bedc7c9d7bc83d71d57e3e27df2d575');
INSERT INTO `article` VALUES ('AJAM-R2-16/', '99', '19', 0x646464, 'Review article', 'Biomaterials', 0x766662676E68666764667673676264667376, '', '2016-11-05 00:28:23', 'Revision 2', 'e3aca83df61c616d2076406f17a960a6');
INSERT INTO `article` VALUES ('AJAM-D-16/', '101', '19', 0x61727469636C65, 'Review article', 'Biomaterials', 0x66646566, 0x66646664, '2016-11-07 14:14:06', 'With Editor', 'ce2e800bcc0fabda1b5f99a2da1fb33c');
INSERT INTO `article` VALUES ('AJAM-R2-16/', '102', '19', 0x7265636F6E6E61697373616E63652064657320666F726D6573, 'Review article', 'Biomaterials', 0x4F6E207361697420646570756973206C6F6E6774656D707320717565207472617661696C6C65722061766563206475207465787465206C697369626C6520657420636F6E74656E616E742064752073656E732065737420736F75726365206465206469737472616374696F6E732C20657420656D70C383C2AA63686520646520736520636F6E63656E7472657220737572206C61206D69736520656E207061676520656C6C652D6DC383C2AA6D652E204C276176616E74616765206475204C6F72656D20497073756D2073757220756E2074657874652067C383C2A96EC383C2A9726971756520636F6D6D65202744752074657874652E2044752074657874652E2044752074657874652E272065737420717527696C20706F7373C383C2A8646520756E6520646973747269627574696F6E206465206C65747472657320706C7573206F75206D6F696E73206E6F726D616C652C20657420656E20746F75742063617320636F6D70617261626C6520617665632063656C6C65206475206672616EC383C2A7616973207374616E646172642E204465206E6F6D6272657573657320737569746573206C6F67696369656C6C6573206465206D69736520656E2070616765206F7520C383C2A96469746575727320646520736974657320576562206F6E742066616974206475204C6F72656D20497073756D206C6575722066617578207465787465207061722064C383C2A9666175742C20657420756E652072656368657263686520706F757220274C6F72656D20497073756D2720766F757320636F6E64756972612076657273206465206E6F6D627265757820736974657320717569206E27656E20736F6E7420656E636F726520717527C383C2A0206C65757220706861736520646520636F6E737472756374696F6E2E20506C757369657572732076657273696F6E7320736F6E742061707061727565732061766563206C652074656D70732C20706172666F697320706172206163636964656E742C20736F7576656E7420696E74656E74696F6E6E656C6C656D656E742028686973746F697265206427792072616A6F757465722064652070657469747320636C696E732064276F65696C2C20766F69726520646573207068726173657320656D626172617373616E746573292E0D0A, 0x4F6E207361697420646570756973206C6F6E6774656D707320717565207472617661696C6C65722061766563206475207465787465206C697369626C6520657420636F6E74656E616E742064752073656E732065737420736F75726365206465206469737472616374696F6E732C20657420656D70C383C2AA63686520646520736520636F6E63656E7472657220737572206C61206D69736520656E207061676520656C6C652D6DC383C2AA6D652E204C276176616E74616765206475204C6F72656D20497073756D2073757220756E2074657874652067C383C2A96EC383C2A9726971756520636F6D6D65202744752074657874652E2044752074657874652E2044752074657874652E272065737420717527696C20706F7373C383C2A8646520756E6520646973747269627574696F6E206465206C65747472657320706C7573206F75206D6F696E73206E6F726D616C652C20657420656E20746F75742063617320636F6D70617261626C6520617665632063656C6C65206475206672616EC383C2A7616973207374616E646172642E204465206E6F6D6272657573657320737569746573206C6F67696369656C6C6573206465206D69736520656E2070616765206F7520C383C2A96469746575727320646520736974657320576562206F6E742066616974206475204C6F72656D20497073756D206C6575722066617578207465787465207061722064C383C2A9666175742C20657420756E652072656368657263686520706F757220274C6F72656D20497073756D2720766F757320636F6E64756972612076657273206465206E6F6D627265757820736974657320717569206E27656E20736F6E7420656E636F726520717527C383C2A0206C65757220706861736520646520636F6E737472756374696F6E2E20506C757369657572732076657273696F6E7320736F6E742061707061727565732061766563206C652074656D70732C20706172666F697320706172206163636964656E742C20736F7576656E7420696E74656E74696F6E6E656C6C656D656E742028686973746F697265206427792072616A6F757465722064652070657469747320636C696E732064276F65696C2C20766F69726520646573207068726173657320656D626172617373616E746573292E0D0A, '2016-11-05 22:35:33', 'Revision 2', 'ae4c0fd89706410128b9fab00ab8bb9c');
INSERT INTO `article` VALUES ('AJAM-R1-16/', '103', '19', 0x61, 'Application', 'Catalysis/surface science', 0x7171717363717268656968666D697344484D475547484D494F47, 0x7153445153C382C2A74A464D4B, '2016-11-06 10:57:37', 'In Review', 'bf339f8e8a69ea756a34b95751ef5f52');
INSERT INTO `article` VALUES ('AJAM-R2-16/', '104', '19', 0x617269636C65, 'Review article', 'Biomaterials', 0x786466646768766A626B6E6C2C6C6C, 0x686B626A6C6E6B, '2016-11-06 17:39:53', 'Revision 2', 'b1194f73b08b5866b846f270aabbf7dd');
INSERT INTO `article` VALUES ('AJAM-D-16/', '105', '19', 0x67616D6520737465656C20747265, 'Review article', 'Biomaterials', 0x6773686A716866676C716B6A646668676A6B716468676A6B68676A6B6466, 0x64646464643B676767676767673B, '2016-11-07 10:45:05', 'With Editor', '70479d72967face8b931d2fb628477b6');
INSERT INTO `article` VALUES ('AJAM-D-16/', '106', '19', 0x6B686F646A61, 'Review article', 'Biomaterials', 0x646464646464, 0x64646464, '2016-11-07 14:38:54', 'With Editor', '437b7873b66d6da19297988d8965357b');
INSERT INTO `article` VALUES ('AJAM-R1-16/', '107', '19', 0x4E41444A49, 'Review article', 'Biomaterials', 0x666473667364666473, 0x666473666473667364, '2016-11-08 15:27:09', 'Revision 1', '0b83d153ea786a85ea1b742fc47f9f1c');
INSERT INTO `article` VALUES ('AJAM-R2-16/', '108', '19', 0x6868686868, 'Review article', 'Biomaterials', 0x6673677368646667686C6B6674687271747A74657172737466756C67696D, 0x66656466616566, '2016-11-09 21:44:06', 'Decision', 'c253248ced90fdcb6b9434ee1824be3d');
INSERT INTO `article` VALUES ('AJAM-D-16/', '109', '19', 0x4F6E207361697420646570756973206C6F6E6774656D707320717565207472617661696C6C65722061766563206475207465787465206C697369626C6520657420636F6E74656E616E742064752073656E732065737420736F75726365206465206469737472616374696F6E732C, 'Review article', 'Biomaterials', 0x4C65204C6F72656D20497073756D206573742073696D706C656D656E74206475206661757820746578746520656D706C6F79C383C2A92064616E73206C6120636F6D706F736974696F6E206574206C61206D69736520656E2070616765206176616E7420696D7072657373696F6E2E204C65204C6F72656D20497073756D20657374206C652066617578207465787465207374616E64617264206465206C27696D7072696D6572696520646570756973206C657320616E6EC383C2A9657320313530302C207175616E6420756E207065696E74726520616E6F6E796D6520617373656D626C6120656E73656D626C6520646573206D6F72636561757820646520746578746520706F75722072C383C2A9616C6973657220756E206C69767265207370C383C2A963696D656E20646520706F6C696365732064652074657874652E20496C206E2761207061732066616974207175652073757276697672652063696E71207369C383C2A8636C65732C206D616973207327657374206175737369206164617074C383C2A920C383C2A0206C6120627572656175746971756520696E666F726D6174697175652C2073616E732071756520736F6E20636F6E74656E75206E27656E20736F6974206D6F64696669C383C2A92E20496C206120C383C2A974C383C2A920706F70756C61726973C383C2A92064616E73206C657320616E6EC383C2A965732031393630206772C383C2A2636520C383C2A0206C612076656E746520646520666575696C6C6573204C6574726173657420636F6E74656E616E7420646573207061737361676573206475204C6F72656D20497073756D2C2065742C20706C75732072C383C2A963656D6D656E742C2070617220736F6E20696E636C7573696F6E2064616E7320646573206170706C69636174696F6E73206465206D69736520656E20706167652064652074657874652C20636F6D6D6520416C64757320506167654D616B65722E, 0x4C65204C6F72656D20497073756D206573742073696D706C656D656E74206475206661757820746578746520656D706C6F79C383C2A92064616E73206C6120636F6D706F736974696F6E206574206C61206D69736520656E2070616765206176616E7420696D7072657373696F6E2E204C65204C6F72656D20497073756D20657374206C652066617578207465787465207374616E64617264206465206C27696D7072696D6572696520646570756973206C657320616E6EC383C2A9657320313530302C207175616E6420756E207065696E74726520616E6F6E796D6520617373656D626C6120656E73656D626C6520646573206D6F72636561757820646520746578746520706F75722072C383C2A9616C6973657220756E206C69767265207370C383C2A963696D656E20646520706F6C696365732064652074657874652E20496C206E2761207061732066616974207175652073757276697672652063696E71207369C383C2A8636C65732C206D616973207327657374206175737369206164617074C383C2A920C383C2A0206C6120627572656175746971756520696E666F726D6174697175652C2073616E732071756520736F6E20636F6E74656E75206E27656E20736F6974206D6F64696669C383C2A92E20496C206120C383C2A974C383C2A920706F70756C61726973C383C2A92064616E73206C657320616E6EC383C2A965732031393630206772C383C2A2636520C383C2A0206C612076656E746520646520666575696C6C6573204C6574726173657420636F6E74656E616E7420646573207061737361676573206475204C6F72656D20497073756D2C2065742C20706C75732072C383C2A963656D6D656E742C2070617220736F6E20696E636C7573696F6E2064616E7320646573206170706C69636174696F6E73206465206D69736520656E20706167652064652074657874652C20636F6D6D6520416C64757320506167654D616B65722E, '2016-11-10 10:42:46', 'In Review', '7d4a7c65352f73e9abe67769bc669f6b');
INSERT INTO `article` VALUES ('AJAM-R2-16/', '110', '19', 0x4C2765787472616974207374616E64617264206465204C6F72656D20497073756D207574696C6973C383C2A920646570756973206C6520585649C383C2A8207369C383C2A8636C652065737420726570726F647569742063692D646573736F757320706F7572206C657320637572696575782E204C65732073656374696F6E7320312E31302E333220657420312E31302E3333, 'Review article', 'Biomaterials', 0x436F6E7472616972656D656E7420C383C2A020756E65206F70696E696F6E2072C383C2A970616E6475652C206C65204C6F72656D20497073756D206E27657374207061732073696D706C656D656E7420647520746578746520616CC383C2A961746F6972652E20496C2074726F7576652073657320726163696E65732064616E7320756E65206F6575767265206465206C61206C697474C383C2A9726174757265206C6174696E6520636C6173736971756520646174616E742064652034352061762E204A2E2D432E2C206C652072656E64616E74207669657578206465203230303020616E732E20556E2070726F666573736575722064752048616D7064656E2D5379646E657920436F6C6C6567652C20656E2056697267696E69652C20732765737420696E74C383C2A972657373C383C2A920C383C2A020756E20646573206D6F7473206C6174696E73206C657320706C7573206F6273637572732C20636F6E73656374657475722C2065787472616974206427756E2070617373616765206475204C6F72656D20497073756D2C20657420656E20C383C2A974756469616E7420746F7573206C657320757361676573206465206365206D6F742064616E73206C61206C697474C383C2A972617475726520636C617373697175652C2064C383C2A9636F7576726974206C6120736F7572636520696E636F6E7465737461626C65206475204C6F72656D20497073756D2E20496C2070726F7669656E7420656E2066616974206465732073656374696F6E7320312E31302E333220657420312E31302E3333206475202244652046696E6962757320426F6E6F72756D206574204D616C6F72756D2220284465732053757072C383C2AA6D6573204269656E73206574206465732053757072C383C2AA6D6573204D6175782920646520436963C383C2A9726F6E2E20436574206F7576726167652C207472C383C2A87320706F70756C616972652070656E64616E74206C612052656E61697373616E63652C2065737420756E207472616974C383C2A920737572206C61207468C383C2A96F726965206465206C27C383C2A97468697175652E204C6573207072656D69C383C2A8726573206C69676E6573206475204C6F72656D, 0x436F6E7472616972656D656E7420C383C2A020756E65206F70696E696F6E2072C383C2A970616E6475652C206C65204C6F72656D20497073756D206E27657374207061732073696D706C656D656E7420647520746578746520616CC383C2A961746F6972652E20496C2074726F7576652073657320726163696E65732064616E7320756E65206F6575767265206465206C61206C697474C383C2A9726174757265206C6174696E6520636C6173736971756520646174616E742064652034352061762E204A2E2D432E2C206C652072656E64616E74207669657578206465203230303020616E732E20556E2070726F666573736575722064752048616D7064656E2D5379646E657920436F6C6C6567652C20656E2056697267696E69652C20732765737420696E74C383C2A972657373C383C2A920C383C2A020756E20646573206D6F7473206C6174696E73206C657320706C7573206F6273637572732C20636F6E73656374657475722C2065787472616974206427756E2070617373616765206475204C6F72656D20497073756D2C20657420656E20C383C2A974756469616E7420746F7573206C657320757361676573206465206365206D6F742064616E73206C61206C697474C383C2A972617475726520636C617373697175652C2064C383C2A9636F7576726974206C6120736F7572636520696E636F6E7465737461626C65206475204C6F72656D20497073756D2E20496C2070726F7669656E7420656E2066616974206465732073656374696F6E7320312E31302E333220657420312E31302E3333206475202244652046696E6962757320426F6E6F72756D206574204D616C6F72756D2220284465732053757072C383C2AA6D6573204269656E73206574206465732053757072C383C2AA6D6573204D6175782920646520436963C383C2A9726F6E2E20436574206F7576726167652C207472C383C2A87320706F70756C616972652070656E64616E74206C612052656E61697373616E63652C2065737420756E207472616974C383C2A920737572206C61207468C383C2A96F726965206465206C27C383C2A97468697175652E204C6573207072656D69C383C2A8726573206C69676E6573206475204C6F72656D, '2016-11-10 14:11:27', 'In Review', 'f8b883cecd41a051289840cdbd45ef37');
INSERT INTO `article` VALUES ('AJAM-D-16/', '111', '19', 0x6473667167646668676A66686B676C6A686B6A6C6B6D, 'Review article', 'Biomaterials', 0x6668676A3A6B68676C666B6468666C6A676B3A6A666B64666A3A6B67, 0x6B6B6B6B6B6B, '2016-11-10 21:27:14', 'validation', 'a040ed85a77df271a067213d9d95bd9b');
INSERT INTO `article` VALUES ('AJAM-D-16/', '112', '19', 0x646266786E676466626462, 'Review article', 'Biomaterials', 0x62776662776462776462, 0x62776462, '2016-11-10 21:28:40', 'validation', '54c71fac49b6c858203d4f0a0cb26149');
INSERT INTO `article` VALUES ('AJAM-D-16/', '113', '19', 0x7364646464, 'Review article', 'Biomaterials', 0x646464646464, 0x646464646464, '2016-11-10 21:30:14', 'validation', '383aeac564c31dafd1825cf5604f9692');
INSERT INTO `article` VALUES ('AJAM-D-16/', '114', '19', 0x6E61646A69, 'Review article', 'Biomaterials', 0x7A657266676468, 0x64646464, '2016-11-10 21:34:56', 'validation', '83dbd344e4dba1c497ed6846eca4b81f');
INSERT INTO `article` VALUES ('AJAM-D-16/', '115', '19', 0x73663C6477676668786A6764, 'Regular paper', 'Biomaterials', 0x62626262626262, 0x62626262, '2016-11-10 21:38:49', 'validation', 'c83a02774d4bc58600d13518b1070170');
INSERT INTO `article` VALUES ('AJAM-D-16/', '116', '19', 0x616161616161616161616161616161616161616161616161616161, 'Review article', 'Biomaterials', '', '', '2016-11-10 21:42:16', 'validation', '1ba2964ba5a9c8ff3ac5f5bec558ea3d');
INSERT INTO `article` VALUES ('AJAM-D-16/', '117', '19', 0x7A7A7A, 'Review article', 'Biomaterials', 0x7A7A7A7A, 0x7A7A7A7A, '2016-11-10 21:46:40', 'validation', 'e5197d2e1e4d85434f26f6ffcdc6722b');
INSERT INTO `article` VALUES ('AJAM-D-16/', '118', '19', 0x6B6A68666B66, 'Review article', 'Biomaterials', 0x6A67686A68676A676A6768, 0x6A, '2016-11-10 21:47:50', 'validation', '307fe09fa7de0129140e07695cd53e07');
INSERT INTO `article` VALUES ('AJAM-D-16/', '119', '19', 0x666567726874, 'Review article', 'Biomaterials', 0x6466647166736671, 0x66717366737166, '2016-11-10 21:49:57', 'validation', '9a39a740cfbdd54aeadf2783408245c3');
INSERT INTO `article` VALUES ('AJAM-D-16/', '120', '19', 0x736466, 'Regular paper', 'Biomaterials', '', '', '2016-11-10 21:54:58', 'validation', 'aeb46445f55fa0fc23d9622cd8212892');
INSERT INTO `article` VALUES ('AJAM-D-16/', '121', '19', 0x67666473646667686766, 'Review article', 'Biomaterials', 0x687274687468727A68, 0x68747268747268, '2016-11-10 21:56:50', 'validation', '7ef323fdc4dc07edfcb208ba04e2ab10');
INSERT INTO `article` VALUES ('AJAM-D-16/', '122', '19', 0x7928756A79666B676C686A666A6B6A, 'Review article', 'Biomaterials', 0x6A6B68676A6667646866736764, '', '2016-11-10 21:58:00', 'validation', '833570135986ba5d6c0ff697dd5a3cb1');
INSERT INTO `article` VALUES ('AJAM-D-16/', '123', '19', 0x63646364636463, 'Regular paper', 'Biomaterials', 0x6364636463646364, '', '2016-11-12 00:22:55', 'validation', 'b6a603d76c889e59182d22f52eafc56c');
INSERT INTO `article` VALUES ('AJAM-D-16/', '124', '19', 0x657373616920706466, 'Review article', 'Biomaterials', 0x64646464, 0x646464, '2016-11-12 13:12:49', 'validation', '6eb5e05141d5d2de736a059984c7f6fe');
INSERT INTO `article` VALUES ('AJAM-D-16/', '125', '19', 0x737373737373, 'Review article', 'Biomaterials', 0x7373, '', '2016-11-12 13:14:03', 'validation', '22db827539e73681ac3650a714a2506b');
INSERT INTO `article` VALUES ('AJAM-D-16/', '126', '19', 0x737373737373737373737373737373737373737373737373737373737373737373737373737373737373737373737373, 'Review article', 'Biomaterials', 0x737373737373737373737373737364737A64, 0x66677367646E68662C, '2016-11-12 13:16:18', 'validation', '5f71cc8741bda4d9ba0148755fe44c44');
INSERT INTO `article` VALUES ('AJAM-D-16/', '127', '19', 0x79616D696E65, 'Review article', 'Catalysis/surface science', 0x7A7A7A7A, 0x7A7A7A, '2016-11-12 13:19:12', 'validation', '88e8a3e4949c8fe77375169d418948b6');
INSERT INTO `article` VALUES ('AJAM-D-16/', '128', '19', 0x7A7A7A7A7A, 'Review article', 'Biomaterials', 0x7A7A7A7A7A, 0x7A7A7A, '2016-11-12 14:43:39', 'validation', 'c51f571e7c47147d361f126b9f428255');
INSERT INTO `article` VALUES ('AJAM-D-16/', '129', '19', 0x737373737373, 'Review article', 'Biomaterials', 0x737373737373, 0x73737373, '2016-11-12 14:54:21', 'validation', 'fbfa88e93da99dd00812e590caa547bb');
INSERT INTO `article` VALUES ('AJAM-D-16/', '130', '19', 0x7171717171717171717171717171717171717171, 'Review article', 'Biomaterials', 0x7171717171, 0x717171, '2016-11-12 14:57:06', 'validation', '9f97aaefca8fe478737370004fa49851');
INSERT INTO `article` VALUES ('AJAM-R1-16/', '131', '19', 0x4C47204732, 'Review article', 'Biomaterials', 0x6661656661656661, 0x666166617A, '2016-11-13 12:05:47', 'Revision 1', '0ad8605190fe3b4fe773c7290da9d619');
INSERT INTO `article` VALUES ('AJAM-D-16/', '132', '19', 0x66666666, 'Review article', 'Catalysis/surface science', 0x66666666, 0x666666, '2016-11-12 20:28:51', 'validation', '4b12bc023b11c2faeb957dd225237b5d');
INSERT INTO `article` VALUES ('AJAM-D-16/', '133', '19', 0x6666666666, 'Review article', 'Biomaterials', 0x666666666666666666666666666666666666666666666666, 0x66666666666666666666666666666666, '2016-11-12 20:49:31', 'With Editor', 'ff238e7e7671f70888f8c2475df71aa1');
INSERT INTO `article` VALUES ('AJAM-D-16/', '134', '19', 0x636F6E646F72, 'Review article', 'Biomaterials', 0x64646464646464646464646464646464, 0x64646464646464, '2016-11-13 13:43:28', 'validation', 'f41a91b9d1e8be414197a45101f15f10');
INSERT INTO `article` VALUES ('AJAM-D-16/', '135', '19', 0x636F6E646F6F6F6F6F727272, 'Review article', 'Biomaterials', 0x4F6E207361697420646570756973206C6F6E6774656D707320717565207472617661696C6C65722061766563206475207465787465206C697369626C6520657420636F6E74656E616E742064752073656E732065737420736F75726365206465206469737472616374696F6E732C20657420656D70C383C2AA63686520646520736520636F6E63656E7472657220737572206C61206D69736520656E207061676520656C6C652D6DC383C2AA6D652E204C276176616E74616765206475204C6F72656D20497073756D2073757220756E2074657874652067C383C2A96EC383C2A9726971756520636F6D6D65202744752074657874652E2044752074657874652E2044752074657874652E272065737420717527696C20706F7373C383C2A8646520756E6520646973747269627574696F6E206465206C65747472657320706C7573206F75206D6F696E73206E6F726D616C652C20657420656E20746F75742063617320636F6D70617261626C6520617665632063656C6C65206475206672616EC383C2A7616973207374616E646172642E204465206E6F6D6272657573657320737569746573206C6F67696369656C6C6573206465206D69736520656E2070616765206F7520C383C2A96469746575727320646520736974657320576562206F6E742066616974206475204C6F72656D20497073756D206C6575722066617578207465787465207061722064C383C2A9666175742C20657420756E652072656368657263686520706F757220274C6F72656D20497073756D2720766F757320636F6E64756972612076657273206465206E6F6D627265757820736974657320717569206E27656E20736F6E7420656E636F726520717527C383C2A0206C65757220706861736520646520636F6E737472756374696F6E2E20506C757369657572732076657273696F6E7320736F6E742061707061727565732061766563206C652074656D70732C20706172666F697320706172206163636964656E742C20736F7576656E7420696E74656E74696F6E6E656C6C656D656E74, 0x4F6E207361697420646570756973206C6F6E6774656D707320717565207472617661696C6C65722061766563206475207465787465206C697369626C6520657420636F6E74656E616E742064752073656E732065737420736F75726365206465206469737472616374696F6E732C20657420656D70C383C2AA63686520646520736520636F6E63656E7472657220737572206C61206D69736520656E207061676520656C6C652D6DC383C2AA6D652E204C276176616E74616765206475204C6F72656D20497073756D2073757220756E2074657874652067C383C2A96EC383C2A9726971756520636F6D6D65202744752074657874652E2044752074657874652E2044752074657874652E272065737420717527696C20706F7373C383C2A8646520756E6520646973747269627574696F6E206465206C65747472657320706C7573206F75206D6F696E73206E6F726D616C652C20657420656E20746F75742063617320636F6D70617261626C6520617665632063656C6C65206475206672616EC383C2A7616973207374616E646172642E204465206E6F6D6272657573657320737569746573206C6F67696369656C6C6573206465206D69736520656E2070616765206F7520C383C2A96469746575727320646520736974657320576562206F6E742066616974206475204C6F72656D20497073756D206C6575722066617578207465787465207061722064C383C2A9666175742C20657420756E652072656368657263686520706F757220274C6F72656D20497073756D2720766F757320636F6E64756972612076657273206465206E6F6D627265757820736974657320717569206E27656E20736F6E7420656E636F726520717527C383C2A0206C65757220706861736520646520636F6E737472756374696F6E2E20506C757369657572732076657273696F6E7320736F6E742061707061727565732061766563206C652074656D70732C20706172666F697320706172206163636964656E742C20736F7576656E7420696E74656E74696F6E6E656C6C656D656E74, '2016-11-13 13:47:51', 'validation', '5a75e1370e268ec577e73ec2dae9c2e6');
INSERT INTO `article` VALUES ('AJAM-D-16/', '136', '19', 0x646464, 'Review article', 'Biomaterials', 0x6464646464, 0x646464, '2016-11-13 13:52:27', 'validation', 'fcf59cd88549113aa859be7984e7e267');
INSERT INTO `article` VALUES ('AJAM-D-16/', '137', '19', 0x616161616161616161616161616161616161616161616161616161, 'Review article', 'Biomaterials', 0x616161616161616161, 0x616161, '2016-11-13 13:54:45', 'validation', '38e978e6f25a14c5c7b892d75a39f859');
INSERT INTO `article` VALUES ('AJAM-D-16/', '138', '19', 0x727272727272, 'Regular paper', 'Biomaterials', '', '', '2016-11-13 13:56:43', 'validation', '68673fb01228a8cb0c2d0e0f8b4dfaad');
INSERT INTO `article` VALUES ('AJAM-D-16/', '139', '19', 0x7274666A686A686667, 'Review article', 'Catalysis/surface science', 0x676673677366677366, 0x67736667736467, '2016-11-13 13:58:29', 'validation', 'f7f68bc8a964ec96ddf7ebd72bc2823e');
INSERT INTO `article` VALUES ('AJAM-D-16/', '140', '19', 0x73666467736668676A666B676A6B, 'Review article', 'Biomaterials', 0x7366646766682C6A3B6B3A6C216D6B6C25, '', '2016-11-13 14:26:00', 'In Review', 'e7dcd815bd4bdedf81fccb1dccd3090a');
INSERT INTO `article` VALUES ('AJAM-D-16/', '141', '19', 0x646672677468726A75, 'Review article', 'Biomaterials', 0x62666462646662666462, 0x62666462, '2016-11-13 14:27:26', 'validation', '8218f2696abfbd17332bb46eb691f3ee');
INSERT INTO `article` VALUES ('AJAM-R2-16/', '142', '19', 0xC383C2A972747A68726A7479, 'Review article', 'Biomaterials', 0x67686A696C6B676A6668676A68676B6C6DC383C2B9, 0x74757579756B696C6F6D70C383C2B96F6D6C69756B79756A, '2016-11-14 23:36:54', 'In Review', '7477b7ab005289fcc28f1a35a89ac296');
INSERT INTO `article` VALUES ('AJAM-R2-16/', '143', '19', 0x6E61666533, 'Review article', 'Biomaterials', 0x4F6E207361697420646570756973206C6F6E6774656D707320717565207472617661696C6C65722061766563206475207465787465206C697369626C6520657420636F6E74656E616E742064752073656E732065737420736F75726365206465206469737472616374696F6E732C20657420656D70C383C2AA63686520646520736520636F6E63656E7472657220737572206C61206D69736520656E207061676520656C6C652D6DC383C2AA6D652E204C276176616E74616765206475204C6F72656D20497073756D2073757220756E2074657874652067C383C2A96EC383C2A9726971756520636F6D6D65202744752074657874652E2044752074657874652E2044752074657874652E272065737420717527696C20706F7373C383C2A8646520756E6520646973747269627574696F6E206465206C65747472657320706C7573206F75206D6F696E73206E6F726D616C652C20657420656E20746F75742063617320636F6D70617261626C6520617665632063656C6C65206475206672616EC383C2A7616973207374616E646172642E204465206E6F6D6272657573657320737569746573206C6F67696369656C6C6573206465206D69736520656E2070616765206F7520C383C2A96469746575727320646520736974657320576562206F6E742066616974206475204C6F72656D20497073756D206C657572206661757820746578746520706172, 0x4F6E207361697420646570756973206C6F6E6774656D707320717565207472617661696C6C65722061766563206475207465787465206C697369626C6520657420636F6E74656E616E742064752073656E732065737420736F75726365206465206469737472616374696F6E732C20657420656D70C383C2AA63686520646520736520636F6E63656E7472657220737572206C61206D69736520656E207061676520656C6C652D6DC383C2AA6D652E204C276176616E74616765206475204C6F72656D20497073756D2073757220756E2074657874652067C383C2A96EC383C2A9726971756520636F6D6D65202744752074657874652E2044752074657874652E2044752074657874652E272065737420717527696C20706F7373C383C2A8646520756E6520646973747269627574696F6E206465206C65747472657320706C7573206F75206D6F696E73206E6F726D616C652C20657420656E20746F75742063617320636F6D70617261626C6520617665632063656C6C65206475206672616EC383C2A7616973207374616E646172642E204465206E6F6D6272657573657320737569746573206C6F67696369656C6C6573206465206D69736520656E2070616765206F7520C383C2A96469746575727320646520736974657320576562206F6E742066616974206475204C6F72656D20497073756D206C657572206661757820746578746520706172, '2016-11-15 22:36:43', 'In Review', '00f17dfe03fce4ebf1933876fbfcb225');
INSERT INTO `article` VALUES ('AJAM-R2-16/', '144', '19', 0x4C6F72656D20497073756D, 'Review article', 'Catalysis/surface science', 0x4C65204C6F72656D20497073756D206573742073696D706C656D656E74206475206661757820746578746520656D706C6F79C383C2A92064616E73206C6120636F6D706F736974696F6E206574206C61206D69736520656E2070616765206176616E7420696D7072657373696F6E2E204C65204C6F72656D20497073756D20657374206C652066617578207465787465207374616E64617264206465206C27696D7072696D6572696520646570756973206C657320616E6EC383C2A9657320313530302C207175616E6420756E207065696E74726520616E6F6E796D6520617373656D626C6120656E73656D626C6520646573206D6F72636561757820646520746578746520706F75722072C383C2A9616C6973657220756E206C69767265207370C383C2A963696D656E20646520706F6C696365732064652074657874652E20496C206E2761207061732066616974207175652073757276697672652063696E71207369C383C2A8636C65732C206D616973207327657374206175737369206164617074C383C2A920C383C2A0206C6120627572656175746971756520696E666F726D6174697175652C, 0x4C65204C6F72656D20497073756D206573742073696D706C656D656E74206475206661757820746578746520656D706C6F79C383C2A92064616E73206C6120636F6D706F736974696F6E206574206C61206D69736520656E2070616765206176616E7420696D7072657373696F6E2E204C65204C6F72656D20497073756D20657374206C652066617578207465787465207374616E64617264206465206C27696D7072696D6572696520646570756973206C657320616E6EC383C2A9657320313530302C207175616E6420756E207065696E74726520616E6F6E796D6520617373656D626C6120656E73656D626C6520646573206D6F72636561757820646520746578746520706F75722072C383C2A9616C6973657220756E206C69767265207370C383C2A963696D656E20646520706F6C696365732064652074657874652E20496C206E2761207061732066616974207175652073757276697672652063696E71207369C383C2A8636C65732C206D616973207327657374206175737369206164617074C383C2A920C383C2A0206C6120627572656175746971756520696E666F726D6174697175652C, '2016-11-16 10:32:49', 'In Review', 'b83ce94481f08b5340ffe4afae2a2aea');
INSERT INTO `article` VALUES ('AJAM-R1-16/', '145', '19', 0x657374696D6174696F6E20646573207369676E617578207261646172, 'Communication', 'Chemical properties', 0x4C65204C6F72656D20497073756D206573742073696D706C656D656E74206475206661757820746578746520656D706C6F79C383C2A92064616E73206C6120636F6D706F736974696F6E206574206C61206D69736520656E2070616765206176616E7420696D7072657373696F6E2E204C65204C6F72656D20497073756D20657374206C652066617578207465787465207374616E64617264206465206C27696D7072696D6572696520646570756973206C657320616E6EC383C2A9657320313530302C207175616E6420756E207065696E74726520616E6F6E796D6520617373656D626C6120656E73656D626C6520646573206D6F72636561757820646520746578746520706F75722072C383C2A9616C6973657220756E206C69767265207370C383C2A963696D656E20646520706F6C696365732064652074657874652E20496C206E2761207061732066616974207175652073757276697672652063696E71207369C383C2A8636C65732C206D616973207327657374206175737369206164617074C383C2A920C383C2A0206C6120627572656175746971756520696E666F726D6174697175652C2073616E732071756520736F6E20636F6E74656E75206E27656E20736F6974206D6F64696669C383C2A92E20496C206120C383C2A974C383C2A920706F70756C61726973C383C2A92064616E73206C657320616E6EC383C2A965732031393630206772C383C2A2636520C383C2A0206C612076656E746520646520666575696C6C6573204C6574726173657420636F6E74656E616E7420646573207061737361676573206475204C6F72656D20497073756D2C2065742C20706C75732072C383C2A963656D6D656E742C2070617220736F6E20696E636C7573696F6E2064616E7320646573206170706C69636174696F6E73206465206D69736520656E20706167652064652074657874652C20636F6D6D6520416C64757320506167654D616B65722E0D0A506F757271756F69206C277574696C697365723F0D0A0D0A4F6E207361697420646570756973206C6F6E6774656D707320717565207472617661696C6C65722061766563206475207465787465206C697369626C6520657420636F6E74656E616E742064752073656E732065737420736F75726365206465206469737472616374696F6E732C20657420656D70C383C2AA63686520646520736520636F6E63656E7472657220737572206C61206D69736520656E207061676520656C6C652D6DC383C2AA6D652E204C276176616E74616765206475204C6F72656D20497073756D2073757220756E2074657874652067C383C2A96EC383C2A9726971756520636F6D6D65202744752074657874652E2044752074657874652E2044752074657874652E272065737420717527696C20706F7373C383C2A8646520756E6520646973747269627574696F6E206465206C65747472657320706C7573206F75206D6F696E73206E6F726D616C652C20657420656E20746F75742063617320636F6D70617261626C6520617665632063656C6C65206475206672616EC383C2A7616973207374616E646172642E204465206E6F6D6272657573657320737569746573206C6F67696369656C6C6573206465206D69736520656E2070616765206F7520C383C2A96469746575727320646520736974657320576562206F6E742066616974206475204C6F72656D20497073756D206C6575722066617578207465787465207061722064C383C2A9666175742C20657420756E652072656368657263686520706F757220274C6F72656D20497073756D2720766F757320636F6E64756972612076657273206465206E6F6D627265757820736974657320717569206E27656E20736F6E7420656E636F726520717527C383C2A0206C65757220706861736520646520636F6E737472756374696F6E2E20506C757369657572732076657273696F6E7320736F6E742061707061727565732061766563206C652074656D70732C20706172666F697320706172206163636964656E742C20736F7576656E7420696E74656E74696F6E6E656C6C656D656E742028686973746F697265206427792072616A6F757465722064652070657469747320636C696E732064276F65696C2C20766F69726520646573207068726173657320656D626172617373616E746573292E0D0A, 0x4C65204C6F72656D20497073756D206573742073696D706C656D656E74206475206661757820746578746520656D706C6F79C383C2A92064616E73206C6120636F6D706F736974696F6E206574206C61206D69736520656E2070616765206176616E7420696D7072657373696F6E2E204C65204C6F72656D20497073756D20657374206C652066617578207465787465207374616E64617264206465206C27696D7072696D6572696520646570756973206C657320616E6EC383C2A9657320313530302C207175616E6420756E207065696E74726520616E6F6E796D6520617373656D626C6120656E73656D626C6520646573206D6F72636561757820646520746578746520706F75722072C383C2A9616C6973657220756E206C69767265207370C383C2A963696D656E20646520706F6C696365732064652074657874652E20496C206E2761207061732066616974207175652073757276697672652063696E71207369C383C2A8636C65732C206D616973207327657374206175737369206164617074C383C2A920C383C2A0206C6120627572656175746971756520696E666F726D6174697175652C2073616E732071756520736F6E20636F6E74656E75206E27656E20736F6974206D6F64696669C383C2A92E20496C206120C383C2A974C383C2A920706F70756C61726973C383C2A92064616E73206C657320616E6EC383C2A965732031393630206772C383C2A2636520C383C2A0206C612076656E746520646520666575696C6C6573204C6574726173657420636F6E74656E616E7420646573207061737361676573206475204C6F72656D20497073756D2C2065742C20706C75732072C383C2A963656D6D656E742C2070617220736F6E20696E636C7573696F6E2064616E7320646573206170706C69636174696F6E73206465206D69736520656E20706167652064652074657874652C20636F6D6D6520416C64757320506167654D616B65722E0D0A506F757271756F69206C277574696C697365723F0D0A0D0A4F6E207361697420646570756973206C6F6E6774656D707320717565207472617661696C6C65722061766563206475207465787465206C697369626C6520657420636F6E74656E616E742064752073656E732065737420736F75726365206465206469737472616374696F6E732C20657420656D70C383C2AA63686520646520736520636F6E63656E7472657220737572206C61206D69736520656E207061676520656C6C652D6DC383C2AA6D652E204C276176616E74616765206475204C6F72656D20497073756D2073757220756E2074657874652067C383C2A96EC383C2A9726971756520636F6D6D65202744752074657874652E2044752074657874652E2044752074657874652E272065737420717527696C20706F7373C383C2A8646520756E6520646973747269627574696F6E206465206C65747472657320706C7573206F75206D6F696E73206E6F726D616C652C20657420656E20746F75742063617320636F6D70617261626C6520617665632063656C6C65206475206672616EC383C2A7616973207374616E646172642E204465206E6F6D6272657573657320737569746573206C6F67696369656C6C6573206465206D69736520656E2070616765206F7520C383C2A96469746575727320646520736974657320576562206F6E742066616974206475204C6F72656D20497073756D206C6575722066617578207465787465207061722064C383C2A9666175742C20657420756E652072656368657263686520706F757220274C6F72656D20497073756D2720766F757320636F6E64756972612076657273206465206E6F6D627265757820736974657320717569206E27656E20736F6E7420656E636F726520717527C383C2A0206C65757220706861736520646520636F6E737472756374696F6E2E20506C757369657572732076657273696F6E7320736F6E742061707061727565732061766563206C652074656D70732C20706172666F697320706172206163636964656E742C20736F7576656E7420696E74656E74696F6E6E656C6C656D656E742028686973746F697265206427792072616A6F757465722064652070657469747320636C696E732064276F65696C2C20766F69726520646573207068726173657320656D626172617373616E746573292E0D0A, '2016-11-16 22:22:14', 'Revision 1', '064f809396954479f81e66f9499851ce');
INSERT INTO `article` VALUES ('AJAM-D-16/', '146', '19', 0x7366626E73666273, 'Review article', 'Biomaterials', 0x6266736273666273666273, 0x62667362736662, '2016-11-22 09:41:29', 'validation', '0ca37d44c3d9a33f0194784a5542fdfd');
INSERT INTO `article` VALUES ('AJAM-D-16/', '147', '19', 0x6772676567657267, 'Regular paper', 'Biomaterials', 0x657267657267657267, 0x67656772677265, '2016-11-23 09:37:09', 'validation', 'f34e2a7bc98d1ab9ef5d33f471e07b6c');
INSERT INTO `article` VALUES ('AJAM-D-16/', '148', '19', 0x6473647364736473647364736473647371562056565656, 'Review article', 'Biomaterials', 0x5656564451562051445651445320514456514453562051535643515344, 0x515356515356205156535153445620515651534456515357, '2016-11-23 10:23:56', 'In Review', 'a502e8e01dde28bc6dd2ada6470564eb');
INSERT INTO `article` VALUES ('AJAM-R2-16/', '149', '19', 0x6667686A6B6C6DC383C2B9, 'Regular paper', 'Biomaterials', 0x74747474, 0x747474, '2016-11-24 14:06:02', 'Decision', '5ea238ef80b2ac6743828d34b4a7cd52');
INSERT INTO `article` VALUES ('AJAM-D-16/', '150', '19', 0x616161616161616161616161616161616161616161616161616161, 'Review article', 'Biomaterials', 0x6161616161, 0x6161616161, '2016-11-24 15:39:18', 'In Review', '723c9d0d8439a55291befcba93242e70');
INSERT INTO `article` VALUES ('AJAM-D-16/', '151', '19', 0x71777177717771777177, 'Review article', 'Biomaterials', 0x7771777177717771777177, 0x777177717771, '2016-11-28 11:49:18', 'Decision', 'ccf8238bffd6f40f6cebd64a0c9de841');
INSERT INTO `article` VALUES ('AJAM-D-16/', '152', '17', 0x64686764686467, 'Review article', 'Biomaterials', 0x68646668646668, 0x6866646864, '2016-11-29 16:09:30', 'validation', '6ab453f94367f91f3f2e774209854371');
INSERT INTO `article` VALUES ('AJAM-D-16/', '153', '17', 0x6E6B6C6C6D6B, 'Review article', 'Biomaterials', 0x6A6A6C6E, 0x6C6A6C6E, '2016-11-30 10:22:07', 'validation', '049e1e4035bf9a44cff9510e9b5f0642');
INSERT INTO `article` VALUES ('AJAM-D-16/', '154', '17', 0x62737366627366, 'Review article', 'Catalysis/surface science', 0x766476717673, 0x76647176, '2016-11-30 10:26:02', 'validation', 'a6f34f861ab023bfa9985a97e726e340');
INSERT INTO `article` VALUES ('AJAM-D-16/', '155', '17', 0x6B72796A746473, 'Feature Article', 'Electronic/ magnetic inorganic materials', '', '', '2016-11-30 10:26:47', 'validation', '8bce258b10e34e3041ad40986f85bdbd');
INSERT INTO `article` VALUES ('AJAM-D-16/', '156', '17', 0x7366626E6E6273, 'Review article', 'Catalysis/surface science', 0x626673627362, 0x6266736273, '2016-11-30 10:27:44', 'validation', '27be077f191a755ceb4536c2a8a80d44');
INSERT INTO `article` VALUES ('AJAM-D-16/', '157', '19', 0x616161, 'Review article', 'Biomaterials', '', '', '2016-12-13 10:22:41', 'Decision', '4c49e7781acbe05c38fb81297c017ac9');
INSERT INTO `article` VALUES ('AJAM-D-16/', '158', '19', 0x7A7A7A7A, 'Review article', 'Biomaterials', 0x7A7A7A7A, 0x7A7A7A, '2016-12-13 10:26:23', 'Check Informations', '098ad60a10bdc060b036260c8d102261');
INSERT INTO `article` VALUES ('AJAM-D-16/', '159', '19', 0x687366687366, '', '', '', '', '2016-12-13 10:32:37', 'With editor', 'fe9250c45d65b777a46fda66f0d57f5c');
INSERT INTO `article` VALUES ('AJAM-D-16/', '160', '19', 0x73737373, 'Review article', 'Biomaterials', 0x737373737373, 0x73737373, '2016-12-13 10:59:29', 'With Editor', '4591fe7220bb9c34cc1781ff2bf748b2');

-- ----------------------------
-- Table structure for co_author
-- ----------------------------
DROP TABLE IF EXISTS `co_author`;
CREATE TABLE `co_author` (
  `id` int(11) NOT NULL AUTO_INCREMENT,
  `fname` varchar(100) CHARACTER SET latin1 NOT NULL,
  `mname` varchar(100) CHARACTER SET latin1 DEFAULT NULL,
  `lname` varchar(100) CHARACTER SET latin1 NOT NULL,
  `affiliation` varchar(255) CHARACTER SET latin1 NOT NULL,
  `adresse` varchar(255) CHARACTER SET latin1 NOT NULL,
  `email` varchar(100) CHARACTER SET latin1 NOT NULL,
  `article` int(11) NOT NULL,
  PRIMARY KEY (`id`),
  KEY `article` (`article`),
  CONSTRAINT `article` FOREIGN KEY (`article`) REFERENCES `article` (`id`) ON DELETE CASCADE ON UPDATE CASCADE
) ENGINE=InnoDB AUTO_INCREMENT=254 DEFAULT CHARSET=utf8;

-- ----------------------------
-- Records of co_author
-- ----------------------------
INSERT INTO `co_author` VALUES ('129', ' abbaci', ' ahmed', ' ahmed', ' master 2', '47 bouali said,Annaba,Algeria', 'ad.khodja@gmail.com', '92');
INSERT INTO `co_author` VALUES ('130', 'eee', 'ee', 'ee', 'eeee', 'eee', 'eeee', '93');
INSERT INTO `co_author` VALUES ('131', 'fff', 'fff', 'fff', 'ff', 'fff', 'ffff', '94');
INSERT INTO `co_author` VALUES ('134', '', '', '', '', '', '', '97');
INSERT INTO `co_author` VALUES ('142', '  ', '  ', '  ', '  ', '', '', '99');
INSERT INTO `co_author` VALUES ('143', '  ', '  ', '  ', '  ', '', '', '98');
INSERT INTO `co_author` VALUES ('147', '  ^kcùldsvlmùsdlvùm', '  csdlmc;s', '  csdlmc;s', '  cùsdmclds', 'csdùmclsdm', 'csmùdlcùsmdlcùsmd', '102');
INSERT INTO `co_author` VALUES ('149', ' AZQZ', ' ZAZ', ' ZAZ', ' ASQ', 'SSS', 'SSS', '103');
INSERT INTO `co_author` VALUES ('152', '  jhkbjnlk,ml', '  jlnkmlm;ù:', '  jlnkmlm;ù:', '  jlnkl;ùm', 'ljnklùmù', 'jlnkm,lù:', '104');
INSERT INTO `co_author` VALUES ('162', '    ascfff', '     asdfgg', '     asdfgg', '    asdfg', 'addfgg', 'vbnhjgggg', '105');
INSERT INTO `co_author` VALUES ('164', '  fdfdf', '  dfdf', '  dfdf', '  dfdf', 'dfdf', 'fdf', '101');
INSERT INTO `co_author` VALUES ('168', '   sss', '   sss', '   sss', '   sss', 'sss', 'sss', '106');
INSERT INTO `co_author` VALUES ('177', ' fsdfds', ' dsfsd', ' dsfsd', ' fdsf', 'dsfdsf', 'fdsf', '107');
INSERT INTO `co_author` VALUES ('180', '  fsqfqs', '  fsqfqs', '  fsqfqs', '  fsqfsq', 'fsqfqs', 'fsqfsqf', '108');
INSERT INTO `co_author` VALUES ('181', 'ahmed', 'ahmed', 'ahmed', 'ahmed', 'ahmed', 'ahmed', '109');
INSERT INTO `co_author` VALUES ('183', ' ahmed', ' ahmed', ' ahmed', ' ahmed', 'ahmed', 'ahmed', '110');
INSERT INTO `co_author` VALUES ('184', '', '', '', '', '', '', '111');
INSERT INTO `co_author` VALUES ('185', '', '', '', '', '', '', '112');
INSERT INTO `co_author` VALUES ('186', '', '', '', '', '', '', '113');
INSERT INTO `co_author` VALUES ('187', '', '', '', '', '', '', '114');
INSERT INTO `co_author` VALUES ('188', '', '', '', '', '', '', '115');
INSERT INTO `co_author` VALUES ('189', '', '', '', '', '', '', '116');
INSERT INTO `co_author` VALUES ('190', '', '', '', '', '', '', '117');
INSERT INTO `co_author` VALUES ('191', '', '', '', '', '', '', '118');
INSERT INTO `co_author` VALUES ('192', '', '', '', '', '', '', '119');
INSERT INTO `co_author` VALUES ('193', '', '', '', '', '', '', '120');
INSERT INTO `co_author` VALUES ('194', '', '', '', '', '', '', '121');
INSERT INTO `co_author` VALUES ('195', '', '', '', '', '', '', '122');
INSERT INTO `co_author` VALUES ('196', '', '', '', '', '', '', '123');
INSERT INTO `co_author` VALUES ('197', '', '', '', '', '', '', '124');
INSERT INTO `co_author` VALUES ('198', '', '', '', '', '', '', '125');
INSERT INTO `co_author` VALUES ('199', '', '', '', '', '', '', '126');
INSERT INTO `co_author` VALUES ('200', '', '', '', '', '', '', '127');
INSERT INTO `co_author` VALUES ('201', '', '', '', '', '', '', '128');
INSERT INTO `co_author` VALUES ('202', 'efrgerhjt', 'juih:o', 'juih:o', 'jgkh:lj', ';gjk:hlj', ';gjkhlj', '129');
INSERT INTO `co_author` VALUES ('203', '', '', '', '', '', '', '130');
INSERT INTO `co_author` VALUES ('205', 'fff', 'f', 'f', 'fff', 'fff', 'fffff', '132');
INSERT INTO `co_author` VALUES ('207', ' ', ' ', ' ', ' ', '', '', '133');
INSERT INTO `co_author` VALUES ('209', '  gezrhrtu', '  retrytu', '  retrytu', '  zteryut', 'zetrt', 'zert', '131');
INSERT INTO `co_author` VALUES ('210', 'khodja', 'ahmed', 'ahmed', 'ddd', 'dddd', 'dddd', '134');
INSERT INTO `co_author` VALUES ('211', 'abbaci ', 'mounir', 'mounir', 'sss', 'sss', 'sss', '134');
INSERT INTO `co_author` VALUES ('212', 'ahmed', 'khodja', 'khodja', '', '', '', '135');
INSERT INTO `co_author` VALUES ('213', 'abbaci', 'mounir', 'mounir', '', '', '', '135');
INSERT INTO `co_author` VALUES ('214', '', '', '', '', '', '', '136');
INSERT INTO `co_author` VALUES ('215', 'ahmed', 'dddddd', 'dddddd', '', '', '', '137');
INSERT INTO `co_author` VALUES ('216', 'ddd', 'dddd', 'dddd', '', '', 'ddd', '137');
INSERT INTO `co_author` VALUES ('217', 'rrrrrr', 'rrrr', 'rrrr', '', '', '', '138');
INSERT INTO `co_author` VALUES ('218', 'rrrr', 'rrrr', 'rrrr', '', '', '', '138');
INSERT INTO `co_author` VALUES ('219', 'gggg', 'gggg', 'gggg', 'ggg', 'gggg', 'gggg', '139');
INSERT INTO `co_author` VALUES ('220', 'bareche', 'nadji', 'nadji', '', '', 'bmnadji@gmail.com', '140');
INSERT INTO `co_author` VALUES ('221', 'vdsvsd', 'vsd', 'vsd', '', '', 'bmnadji@gmail.com', '141');
INSERT INTO `co_author` VALUES ('226', 'kkkk', 'kkkk', 'kkkk', 'kkkkk', 'kkkkk', 'kkkkkkk', '142');
INSERT INTO `co_author` VALUES ('231', '    khodja', '    ahmed', '    ahmed', '    master 2', '47 Bouali Said', 'annba', '143');
INSERT INTO `co_author` VALUES ('234', '  Abbaci', '  mounir', '  mounir', '  MASTER 2', '47 bouali said annaba', 'abbaci.mounir@gmail.com', '144');
INSERT INTO `co_author` VALUES ('236', ' cdcdcdc', ' cdcdc', ' cdcdc', ' dcdc', 'dcdcd', 'cdcdc', '145');
INSERT INTO `co_author` VALUES ('237', 'fqdfvqdgdq', 'dqgdq', 'dqgdq', 'gdqg', 'dqgqdg', 'bdqgqdg', '146');
INSERT INTO `co_author` VALUES ('238', 'gregre', 'gerge', 'gerge', 'gerg', 'gregergregrege', 'gregreger', '147');
INSERT INTO `co_author` VALUES ('239', 'CQSCSQ', 'CSQC', 'CSQC', 'CSQC', 'CSQCSQ', 'CSQCSQC', '148');
INSERT INTO `co_author` VALUES ('241', ' ttt', ' ttt', ' ttt', ' ttt', 'tttt', 'tttt', '149');
INSERT INTO `co_author` VALUES ('242', 'aa', 'aaa', 'aaa', 'aaa', 'aaa', 'aaaa', '150');
INSERT INTO `co_author` VALUES ('243', 'wqwq', 'wqwq', 'wqwq', 'wqwq', 'wqwqw', 'qwqw', '151');
INSERT INTO `co_author` VALUES ('244', 'kgkhgk', 'khkgkghkghkhhk', 'khkgkghkghkhhk', 'khkghkgh', 'kghkhgk', 'hkghkhgkghkghkghk', '152');
INSERT INTO `co_author` VALUES ('245', '', '', '', '', '', '', '153');
INSERT INTO `co_author` VALUES ('246', 'vdqvqvd', 'vqdvqdv', 'vqdvqdv', 'qdvqd', 'vqdvqd', 'vqvqdvqd', '154');
INSERT INTO `co_author` VALUES ('247', '', '', '', '', '', '', '155');
INSERT INTO `co_author` VALUES ('248', '', '', '', '', '', '', '156');
INSERT INTO `co_author` VALUES ('249', ' aaa', ' aa', ' aa', ' aa', 'aa', 'aaa', '95');
INSERT INTO `co_author` VALUES ('250', 'aaa', 'aaa', 'aaa', 'aaa', 'aaaa', 'aaa', '157');
INSERT INTO `co_author` VALUES ('251', '', '', '', '', '', '', '158');
INSERT INTO `co_author` VALUES ('252', '', '', '', '', '', '', '159');
INSERT INTO `co_author` VALUES ('253', '', '', '', '', '', '', '160');

-- ----------------------------
-- Table structure for decision
-- ----------------------------
DROP TABLE IF EXISTS `decision`;
CREATE TABLE `decision` (
  `id` int(11) NOT NULL AUTO_INCREMENT,
  `decision` text CHARACTER SET utf8 COLLATE utf8_unicode_ci NOT NULL,
  `state_author` int(11) NOT NULL,
  `article` int(11) NOT NULL,
  `editor` int(11) NOT NULL,
  `date` date NOT NULL,
  `file` varchar(255) CHARACTER SET utf8 COLLATE utf8_unicode_ci DEFAULT NULL,
  `type` varchar(255) CHARACTER SET utf8 COLLATE utf8_unicode_ci NOT NULL,
  PRIMARY KEY (`id`)
) ENGINE=InnoDB AUTO_INCREMENT=90 DEFAULT CHARSET=utf8 COLLATE=utf8_bin ROW_FORMAT=COMPACT;

-- ----------------------------
-- Records of decision
-- ----------------------------
INSERT INTO `decision` VALUES ('1', 'gfdgfdgdfgdfgdfgfdfdgdf\ngfdg', '242', '100', '2', '2016-11-03', null, 'Revision');
INSERT INTO `decision` VALUES ('2', ':lkljkhjhnnhnhnhhnnh', '244', '100', '2', '2016-11-03', null, 'Accepted');
INSERT INTO `decision` VALUES ('3', 'hfghjkl', '246', '100', '2', '2016-11-04', null, 'Accepted');
INSERT INTO `decision` VALUES ('4', 'ahmed', '247', '100', '2', '2016-11-04', null, 'Accepted');
INSERT INTO `decision` VALUES ('14', ',djgshfjdkfj;k:gfj;hgjxhfw', '261', '99', '1', '2016-11-05', null, 'Revision');
INSERT INTO `decision` VALUES ('20', 'ddqfsgdh,fjklyu', '274', '98', '1', '2016-11-05', null, 'Revision');
INSERT INTO `decision` VALUES ('23', 'hsfdj;rhd,gfjsgdh;:fj;hd', '280', '98', '1', '2016-11-05', null, 'Accepted');
INSERT INTO `decision` VALUES ('24', '^koiouhijkplpkojlkcvmsdkvokeôfkvôpkep^vkeùrkvù', '285', '102', '1', '2016-11-05', null, 'Revision');
INSERT INTO `decision` VALUES ('25', 'jpvicefjmdlvklefùdvlmeùdf*v', '287', '102', '1', '2016-11-05', null, 'Accepted');
INSERT INTO `decision` VALUES ('26', 'minor revision 1', '294', '104', '1', '2016-11-06', null, 'Revision');
INSERT INTO `decision` VALUES ('32', 'aaazzedcfvfef', '309', '107', '1', '2016-11-08', null, 'Revision');
INSERT INTO `decision` VALUES ('33', 'dsdsdsd', '311', '107', '1', '2016-11-08', null, 'Revision 2');
INSERT INTO `decision` VALUES ('44', 'dfghjfkghljk', '326', '108', '1', '2016-11-09', null, 'Draft Revision');
INSERT INTO `decision` VALUES ('45', 'rzetryguhiojpk^lm', '329', '108', '1', '2016-11-09', null, 'Revision 2');
INSERT INTO `decision` VALUES ('46', 'YHHGGGGGHHHHHHHHHHHHHHJJJHGFDFGGHHJJKK', '337', '110', '1', '2016-11-10', null, 'Draft Revision');
INSERT INTO `decision` VALUES ('47', 'qsfgfhgkjlmù', '340', '110', '1', '2016-11-10', null, 'Revision 1');
INSERT INTO `decision` VALUES ('50', 'fqdsgfdhgjfh', '345', '110', '1', '2016-11-10', null, 'Refused');
INSERT INTO `decision` VALUES ('51', 'sfhdgjfhkjddgkfkfhkfhkfghkfhk', '360', '131', '1', '2016-11-12', null, 'Draft Revision');
INSERT INTO `decision` VALUES ('52', 'xvcxxbcwbvxcwxcbxvbxcwvcbvb', '375', '142', '1', '2016-11-14', null, 'Draft Revision');
INSERT INTO `decision` VALUES ('53', 'fhgjklmù', '378', '142', '1', '2016-11-14', null, 'Revision 2');
INSERT INTO `decision` VALUES ('54', 'fshdfhdfhdf', '384', '143', '1', '2016-11-15', null, 'Draft Revision');
INSERT INTO `decision` VALUES ('55', 'dqf<sgwfjfkglkhlj', '387', '143', '1', '2016-11-15', null, 'Revision 2');
INSERT INTO `decision` VALUES ('56', 'sfdgfh,jkhlj', '396', '144', '1', '2016-11-16', null, 'Draft Revision');
INSERT INTO `decision` VALUES ('57', 'qfqsfsqfqsfqsf', '399', '144', '1', '2016-11-16', null, 'Revision 2');
INSERT INTO `decision` VALUES ('60', 'gqshdjhf;jgufyd,tsrqhrsjtdyfu', '404', '144', '1', '2016-11-16', null, 'Accepted');
INSERT INTO `decision` VALUES ('61', '\nNovelty and originality :\nSome novel results on a subject well investigated.\nTechnical content and correctness :\nExcellent technical quality.\nRelevance and Timeliness :\nExcellent.\nQuality of presentation :\nExcellent.\nOverall recommendation : :\nMinor revision.\nComments :\n\nvdfsqvqdsv\nConfidential :\n\nvdqvqdvqdvqdvqdvqdv', '408', '145', '1', '2016-11-16', null, 'Draft Revision');
INSERT INTO `decision` VALUES ('65', 'jlhhkhlkhlkhjl', '418', '147', '1', '2016-11-23', null, 'Refused');
INSERT INTO `decision` VALUES ('66', 'jfkglhkmjlùk*l\n$m4', '425', '149', '1', '2016-11-24', null, 'Draft Revision');
INSERT INTO `decision` VALUES ('67', 'wdhfjklhmoùpl\nm$4\nù', '428', '149', '1', '2016-11-24', null, 'Revision 2');
INSERT INTO `decision` VALUES ('85', 'gsdwfx,gchv;b:khljmk', '447', '149', '1', '2016-11-24', null, 'Accepted');
INSERT INTO `decision` VALUES ('86', 'grsfdg,hfj;ilt;ufd,gnsfg,dh;fj:khl,dhg,d,d,g', '454', '151', '1', '2016-11-28', null, 'Draft Revision');
INSERT INTO `decision` VALUES ('87', 'sdsfdgfhjgk', '465', '108', '1', '2016-12-06', null, 'Accepted');
INSERT INTO `decision` VALUES ('88', 'gsdgsdgsdgdsgsdgdsgsdgsdg', '466', '108', '1', '2016-12-06', null, 'Accepted');
INSERT INTO `decision` VALUES ('89', 'hfkfhhkfhkfhkhfkhfkhfkfhkfhkkfhk', '476', '157', '1', '2016-12-14', null, 'Draft Revision');

-- ----------------------------
-- Table structure for editor
-- ----------------------------
DROP TABLE IF EXISTS `editor`;
CREATE TABLE `editor` (
  `id` int(11) NOT NULL AUTO_INCREMENT,
  `password` varchar(255) COLLATE utf8_bin NOT NULL,
  `author` int(11) DEFAULT NULL,
  `email` varchar(255) COLLATE utf8_bin NOT NULL,
  `fname` varchar(255) COLLATE utf8_bin NOT NULL,
  `lname` varchar(255) COLLATE utf8_bin NOT NULL,
  `mname` varchar(255) COLLATE utf8_bin DEFAULT NULL,
  PRIMARY KEY (`id`)
) ENGINE=InnoDB AUTO_INCREMENT=7 DEFAULT CHARSET=utf8 COLLATE=utf8_bin;

-- ----------------------------
-- Records of editor
-- ----------------------------
INSERT INTO `editor` VALUES ('1', 'fb3c1ab959f1c01c4dd6fef88df87582', null, 'a.aourag@neu.edu', 'Abdelhafid', 'Aourag', null);
INSERT INTO `editor` VALUES ('2', 'fb3c1ab959f1c01c4dd6fef88df87582', null, 'bens@uh.edu', 'Bensaoula', 'Abdelhak', null);
INSERT INTO `editor` VALUES ('3', '148b4a7bca42f205fbdbd6246cc6a4da', null, 'abdou.boucekkine@univ-rennes1.fr', 'Abdou', 'Boucekkine', '');
INSERT INTO `editor` VALUES ('4', '148b4a7bca42f205fbdbd6246cc6a4da', null, 'lijinc@alum.mit.edu', 'Li-Jin ', 'Chen', '');
INSERT INTO `editor` VALUES ('5', 'fb3c1ab959f1c01c4dd6fef88df87582', null, 'nec@phys.au.dk', 'Niels', 'Egede', 'Egede');
INSERT INTO `editor` VALUES ('6', '5c2a20207b5a810f38888f18640a0991', null, 'ad.khodja@gmail.com', 'KHODJA', 'ahmed', '');

-- ----------------------------
-- Table structure for file
-- ----------------------------
DROP TABLE IF EXISTS `file`;
CREATE TABLE `file` (
  `id` int(11) NOT NULL AUTO_INCREMENT,
  `name` varchar(255) CHARACTER SET latin1 NOT NULL,
  `size` varchar(255) CHARACTER SET latin1 DEFAULT NULL,
  `article` int(11) NOT NULL,
  `type` varchar(20) CHARACTER SET latin1 NOT NULL,
  `extension` varchar(255) CHARACTER SET latin1 DEFAULT NULL,
  PRIMARY KEY (`id`),
  KEY `article_fk` (`article`),
  CONSTRAINT `article_fk` FOREIGN KEY (`article`) REFERENCES `article` (`id`) ON DELETE CASCADE ON UPDATE CASCADE
) ENGINE=InnoDB AUTO_INCREMENT=655 DEFAULT CHARSET=utf8;

-- ----------------------------
-- Records of file
-- ----------------------------
INSERT INTO `file` VALUES ('277', 't04_2015.docx', '0.11 Mo', '92', 'file_source', 'word');
INSERT INTO `file` VALUES ('278', 'ajam_D_92.pdf', '', '92', 'AJAM-D', null);
INSERT INTO `file` VALUES ('279', '001-256.JPG', '126.37 ko', '92', 'image_source', 'JPG');
INSERT INTO `file` VALUES ('280', 'ajam-template0.docx', '89.81 Ko', '93', 'file_source', 'word');
INSERT INTO `file` VALUES ('281', 'ajam_D_93.pdf', '', '93', 'AJAM-D', null);
INSERT INTO `file` VALUES ('282', 'ajam-template.tex', '13.02 Ko', '94', 'file_source', 'latex');
INSERT INTO `file` VALUES ('283', 'ajam_D_94.pdf', '', '94', 'AJAM-D', null);
INSERT INTO `file` VALUES ('284', 'Figure10.jpg', '58.17 ko', '94', 'image_source', 'JPG');
INSERT INTO `file` VALUES ('291', 'ajam-template.tex', '13.02 Ko', '97', 'file_source', 'latex');
INSERT INTO `file` VALUES ('292', 'ajam_D_97.pdf', '', '97', 'AJAM-D', null);
INSERT INTO `file` VALUES ('293', 'Figure10.jpg', '58.17 ko', '97', 'image_source', 'JPG');
INSERT INTO `file` VALUES ('298', 'ajam_D_98.pdf', '', '98', 'AJAM-D', null);
INSERT INTO `file` VALUES ('304', 'ajam_D_99.pdf', '', '99', 'AJAM-D', null);
INSERT INTO `file` VALUES ('315', 'ajam-template.tex', '0.01 Mo', '99', 'file_source', 'latex');
INSERT INTO `file` VALUES ('316', 'ajam_R2_99.pdf', '', '99', 'AJAM-R', null);
INSERT INTO `file` VALUES ('317', 'Figure10.jpg', '58.17 ko', '99', 'image_source', 'JPG');
INSERT INTO `file` VALUES ('318', 'ajam-template.tex', '0.01 Mo', '98', 'file_source', 'latex');
INSERT INTO `file` VALUES ('319', 'ajam_R2_98.pdf', '', '98', 'AJAM-R', null);
INSERT INTO `file` VALUES ('320', 'Figure10.jpg', '58.17 ko', '98', 'image_source', 'JPG');
INSERT INTO `file` VALUES ('328', 'ajam_D_102.pdf', '', '102', 'AJAM-D', null);
INSERT INTO `file` VALUES ('330', 'ajam-template.tex', '0.01 Mo', '102', 'file_source', 'latex');
INSERT INTO `file` VALUES ('331', 'ajam_R2_102.pdf', '', '102', 'AJAM-R', null);
INSERT INTO `file` VALUES ('332', 'Figure10.jpg', '58.17 ko', '102', 'image_source', 'JPG');
INSERT INTO `file` VALUES ('336', 'ajam-template0.docx', '0.09 Mo', '103', 'file_source', 'word');
INSERT INTO `file` VALUES ('337', 'ajam_D_103.pdf', '', '103', 'AJAM-D', null);
INSERT INTO `file` VALUES ('338', 'Figure10.jpg', '58.17 ko', '103', 'image_source', 'JPG');
INSERT INTO `file` VALUES ('343', 'ajam_D_104.pdf', '', '104', 'AJAM-D', null);
INSERT INTO `file` VALUES ('344', 'ajam-template.tex', '0.01 Mo', '104', 'file_source', 'latex');
INSERT INTO `file` VALUES ('345', 'ajam_R2_104.pdf', '', '104', 'AJAM-R', null);
INSERT INTO `file` VALUES ('346', 'Figure10.jpg', '58.17 ko', '104', 'image_source', 'JPG');
INSERT INTO `file` VALUES ('374', 'ajam-template.tex', '0.01 Mo', '105', 'file_source', 'latex');
INSERT INTO `file` VALUES ('375', 'ajam_D_105.pdf', '', '105', 'AJAM-D', null);
INSERT INTO `file` VALUES ('376', 'Figure10.jpg', '58.17 ko', '105', 'image_source', 'JPG');
INSERT INTO `file` VALUES ('380', 'ajam-template.tex', '0.01 Mo', '101', 'file_source', 'latex');
INSERT INTO `file` VALUES ('381', 'ajam_D_101.pdf', '', '101', 'AJAM-D', null);
INSERT INTO `file` VALUES ('382', 'Figure10.jpg', '58.17 ko', '101', 'image_source', 'JPG');
INSERT INTO `file` VALUES ('392', 'ajam-template.tex', '0.01 Mo', '106', 'file_source', 'latex');
INSERT INTO `file` VALUES ('393', 'ajam_D_106.pdf', '', '106', 'AJAM-D', null);
INSERT INTO `file` VALUES ('394', 'Figure10.jpg', '58.17 ko', '106', 'image_source', 'JPG');
INSERT INTO `file` VALUES ('405', 'ajam_D_107.pdf', '', '107', 'AJAM-D', null);
INSERT INTO `file` VALUES ('408', 'ajam_R2_107.pdf', '', '107', 'AJAM-R', null);
INSERT INTO `file` VALUES ('411', 'ajam_R2_107.pdf', '', '107', 'AJAM-R', null);
INSERT INTO `file` VALUES ('414', 'ajam_R1_107.pdf', '', '107', 'AJAM-R', null);
INSERT INTO `file` VALUES ('416', 'ajam_R1_107.pdf', '', '107', 'AJAM-R', null);
INSERT INTO `file` VALUES ('417', 'ajam-template.tex', '0.01 Mo', '107', 'file_source', 'latex');
INSERT INTO `file` VALUES ('418', 'ajam_R1_107.pdf', '', '107', 'AJAM-R', null);
INSERT INTO `file` VALUES ('419', 'Figure10.jpg', '58.17 ko', '107', 'image_source', 'JPG');
INSERT INTO `file` VALUES ('421', 'ajam_D_108.pdf', '', '108', 'AJAM-D', null);
INSERT INTO `file` VALUES ('424', 'ajam_R1_108.pdf', '', '108', 'AJAM-R', null);
INSERT INTO `file` VALUES ('426', 'CV-Europass-20160816-BenMehidi-FR.doc', '0.09 Mo', '108', 'file_source', 'word');
INSERT INTO `file` VALUES ('427', 'ajam_R1_108.pdf', '', '108', 'AJAM-R', null);
INSERT INTO `file` VALUES ('428', 'ajam-template.tex', '13.02 Ko', '109', 'file_source', 'latex');
INSERT INTO `file` VALUES ('429', 'ajam_D_109.pdf', '', '109', 'AJAM-D', null);
INSERT INTO `file` VALUES ('430', 'Figure10.jpg', '58.17 ko', '109', 'image_source', 'JPG');
INSERT INTO `file` VALUES ('432', 'ajam_D_110.pdf', '', '110', 'AJAM-D', null);
INSERT INTO `file` VALUES ('434', 'ajam-template.tex', '0.01 Mo', '110', 'file_source', 'latex');
INSERT INTO `file` VALUES ('435', 'ajam_R1_110.pdf', '', '110', 'AJAM-R', null);
INSERT INTO `file` VALUES ('436', 'Figure10.jpg', '58.17 ko', '110', 'image_source', 'JPG');
INSERT INTO `file` VALUES ('437', 'ajam-template.tex', '13.02 Ko', '111', 'file_source', 'latex');
INSERT INTO `file` VALUES ('438', 'ajam_D_111.pdf', '', '111', 'AJAM-D', null);
INSERT INTO `file` VALUES ('439', 'ajam-template.tex', '13.02 Ko', '112', 'file_source', 'latex');
INSERT INTO `file` VALUES ('440', 'ajam_D_112.pdf', '', '112', 'AJAM-D', null);
INSERT INTO `file` VALUES ('441', 'ajam-template.tex', '13.02 Ko', '113', 'file_source', 'latex');
INSERT INTO `file` VALUES ('442', 'ajam_D_113.pdf', '', '113', 'AJAM-D', null);
INSERT INTO `file` VALUES ('443', 'ajam-template.tex', '13.02 Ko', '114', 'file_source', 'latex');
INSERT INTO `file` VALUES ('444', 'ajam_D_114.pdf', '', '114', 'AJAM-D', null);
INSERT INTO `file` VALUES ('445', 'ajam-template.tex', '13.02 Ko', '115', 'file_source', 'latex');
INSERT INTO `file` VALUES ('446', 'ajam_D_115.pdf', '', '115', 'AJAM-D', null);
INSERT INTO `file` VALUES ('447', 'ajam-template.tex', '13.02 Ko', '116', 'file_source', 'latex');
INSERT INTO `file` VALUES ('448', 'ajam_D_116.pdf', '', '116', 'AJAM-D', null);
INSERT INTO `file` VALUES ('449', 'ajam-template.tex', '13.02 Ko', '117', 'file_source', 'latex');
INSERT INTO `file` VALUES ('450', 'ajam_D_117.pdf', '', '117', 'AJAM-D', null);
INSERT INTO `file` VALUES ('451', 'ajam-template.tex', '13.02 Ko', '118', 'file_source', 'latex');
INSERT INTO `file` VALUES ('452', 'ajam_D_118.pdf', '', '118', 'AJAM-D', null);
INSERT INTO `file` VALUES ('453', 'ajam-template.tex', '13.02 Ko', '119', 'file_source', 'latex');
INSERT INTO `file` VALUES ('454', 'ajam_D_119.pdf', '', '119', 'AJAM-D', null);
INSERT INTO `file` VALUES ('455', 'Caneva_Bilan(1).doc', '152.00 Ko', '120', 'file_source', 'word');
INSERT INTO `file` VALUES ('456', 'ajam_D_120.pdf', '', '120', 'AJAM-D', null);
INSERT INTO `file` VALUES ('457', 'ajam-template0.docx', '89.81 Ko', '121', 'file_source', 'word');
INSERT INTO `file` VALUES ('458', 'ajam_D_121.pdf', '', '121', 'AJAM-D', null);
INSERT INTO `file` VALUES ('459', 'ajam-template.tex', '13.02 Ko', '122', 'file_source', 'latex');
INSERT INTO `file` VALUES ('460', 'ajam_D_122.pdf', '', '122', 'AJAM-D', null);
INSERT INTO `file` VALUES ('461', 'ajam-template0.docx', '89.81 Ko', '123', 'file_source', 'word');
INSERT INTO `file` VALUES ('462', 'ajam_D_123.pdf', '', '123', 'AJAM-D', null);
INSERT INTO `file` VALUES ('463', 'ajam-template.tex', '13.02 Ko', '124', 'file_source', 'latex');
INSERT INTO `file` VALUES ('464', 'ajam_D_124.pdf', '', '124', 'AJAM-D', null);
INSERT INTO `file` VALUES ('465', 'Figure10.jpg', '58.17 ko', '124', 'image_source', 'JPG');
INSERT INTO `file` VALUES ('466', 'ajam-template.tex', '13.02 Ko', '125', 'file_source', 'latex');
INSERT INTO `file` VALUES ('467', 'ajam_D_125.pdf', '', '125', 'AJAM-D', null);
INSERT INTO `file` VALUES ('468', 'Figure10.jpg', '58.17 ko', '125', 'image_source', 'JPG');
INSERT INTO `file` VALUES ('469', 'ajam-template.tex', '13.02 Ko', '126', 'file_source', 'latex');
INSERT INTO `file` VALUES ('470', 'ajam_D_126.pdf', '', '126', 'AJAM-D', null);
INSERT INTO `file` VALUES ('471', 'Figure10.jpg', '58.17 ko', '126', 'image_source', 'JPG');
INSERT INTO `file` VALUES ('472', 'ajam-template.tex', '13.02 Ko', '127', 'file_source', 'latex');
INSERT INTO `file` VALUES ('473', 'ajam_D_127.pdf', '', '127', 'AJAM-D', null);
INSERT INTO `file` VALUES ('474', 'Figure10.jpg', '58.17 ko', '127', 'image_source', 'JPG');
INSERT INTO `file` VALUES ('475', 'ajam-template.tex', '13.02 Ko', '128', 'file_source', 'latex');
INSERT INTO `file` VALUES ('476', 'ajam_D_128.pdf', '', '128', 'AJAM-D', null);
INSERT INTO `file` VALUES ('477', 'Figure10.jpg', '58.17 ko', '128', 'image_source', 'JPG');
INSERT INTO `file` VALUES ('478', 'ajam-template.tex', '13.02 Ko', '129', 'file_source', 'latex');
INSERT INTO `file` VALUES ('479', 'ajam_D_129.pdf', '', '129', 'AJAM-D', null);
INSERT INTO `file` VALUES ('480', 'Figure10.jpg', '58.17 ko', '129', 'image_source', 'JPG');
INSERT INTO `file` VALUES ('481', 'ajam-template.tex', '13.02 Ko', '130', 'file_source', 'latex');
INSERT INTO `file` VALUES ('482', 'ajam_D_130.pdf', '', '130', 'AJAM-D', null);
INSERT INTO `file` VALUES ('483', 'Figure10.jpg', '58.17 ko', '130', 'image_source', 'JPG');
INSERT INTO `file` VALUES ('485', 'ajam_D_131.pdf', '', '131', 'AJAM-D_pdf', null);
INSERT INTO `file` VALUES ('486', 'ajam_D_131_.pdf', '', '131', 'AJAM-D', null);
INSERT INTO `file` VALUES ('488', 'ajam-template.tex', '13.35 Ko', '132', 'file_source', 'latex');
INSERT INTO `file` VALUES ('489', 'ajam_D_132.pdf', '', '132', 'AJAM-D_pdf', null);
INSERT INTO `file` VALUES ('490', 'ajam_D_132_.pdf', '', '132', 'AJAM-D', null);
INSERT INTO `file` VALUES ('491', 'origin.gif', '11.85 ko', '132', 'image_source', 'GIF');
INSERT INTO `file` VALUES ('496', 'ajam-template0.docx', '0.09 Mo', '133', 'file_source', 'word');
INSERT INTO `file` VALUES ('497', 'ajam_D_133.pdf', '', '133', 'AJAM-D', null);
INSERT INTO `file` VALUES ('498', 'ajam_D_133_.pdf', '', '133', 'AJAM-D', null);
INSERT INTO `file` VALUES ('499', 'origin.jpg', '48.89 ko', '133', 'image_source', 'JPG');
INSERT INTO `file` VALUES ('501', 'ajam_R1_131.pdf', '', '131', 'AJAM-R', null);
INSERT INTO `file` VALUES ('502', 'ajam_R1_131_.pdf', '', '131', 'AJAM-D', null);
INSERT INTO `file` VALUES ('504', 'ajam-template.tex', '0.01 Mo', '131', 'file_source', 'latex');
INSERT INTO `file` VALUES ('505', 'ajam_R1_131.pdf', '', '131', 'AJAM-R', null);
INSERT INTO `file` VALUES ('506', 'ajam_R1_131_.pdf', '', '131', 'AJAM-D', null);
INSERT INTO `file` VALUES ('507', 'origin.jpg', '48.89 ko', '131', 'image_source', 'JPG');
INSERT INTO `file` VALUES ('508', 'ajam-template.tex', '13.35 Ko', '134', 'file_source', 'latex');
INSERT INTO `file` VALUES ('509', 'ajam_D_134.pdf', '', '134', 'AJAM-D_pdf', null);
INSERT INTO `file` VALUES ('510', 'ajam-template.tex', '13.35 Ko', '135', 'file_source', 'latex');
INSERT INTO `file` VALUES ('511', 'ajam_D_135.pdf', '', '135', 'AJAM-D_pdf', null);
INSERT INTO `file` VALUES ('512', 'ajam-template.tex', '13.35 Ko', '136', 'file_source', 'latex');
INSERT INTO `file` VALUES ('513', 'ajam_D_136.pdf', '', '136', 'AJAM-D_pdf', null);
INSERT INTO `file` VALUES ('514', 'ajam_D_136_.pdf', '', '136', 'AJAM-D', null);
INSERT INTO `file` VALUES ('515', 'origin.jpg', '48.89 ko', '136', 'image_source', 'JPG');
INSERT INTO `file` VALUES ('516', 'ajam-template.tex', '13.35 Ko', '137', 'file_source', 'latex');
INSERT INTO `file` VALUES ('517', 'ajam_D_137.pdf', '', '137', 'AJAM-D_pdf', null);
INSERT INTO `file` VALUES ('518', 'ajam-template.tex', '13.35 Ko', '138', 'file_source', 'latex');
INSERT INTO `file` VALUES ('519', 'ajam_D_138.pdf', '', '138', 'AJAM-D_pdf', null);
INSERT INTO `file` VALUES ('520', 'ajam-template.tex', '13.35 Ko', '139', 'file_source', 'latex');
INSERT INTO `file` VALUES ('521', 'ajam_D_139.pdf', '', '139', 'AJAM-D_pdf', null);
INSERT INTO `file` VALUES ('522', 'ajam_D_139_.pdf', '', '139', 'AJAM-D', null);
INSERT INTO `file` VALUES ('523', 'origin.jpg', '48.89 ko', '139', 'image_source', 'JPG');
INSERT INTO `file` VALUES ('524', 'ajam-template.tex', '13.35 Ko', '140', 'file_source', 'latex');
INSERT INTO `file` VALUES ('525', 'ajam_D_140.pdf', '', '140', 'AJAM-D_pdf', null);
INSERT INTO `file` VALUES ('526', 'ajam_D_140_.pdf', '', '140', 'AJAM-D', null);
INSERT INTO `file` VALUES ('527', 'origin.jpg', '48.89 ko', '140', 'image_source', 'JPG');
INSERT INTO `file` VALUES ('528', 'ajam-template.tex', '13.35 Ko', '141', 'file_source', 'latex');
INSERT INTO `file` VALUES ('529', 'ajam_D_141.pdf', '', '141', 'AJAM-D_pdf', null);
INSERT INTO `file` VALUES ('530', 'ajam_D_141_.pdf', '', '141', 'AJAM-D', null);
INSERT INTO `file` VALUES ('531', 'origin.jpg', '48.89 ko', '141', 'image_source', 'JPG');
INSERT INTO `file` VALUES ('540', 'ajam_D_142.pdf', '', '142', 'AJAM-D', null);
INSERT INTO `file` VALUES ('541', 'ajam_D_142_.pdf', '', '142', 'AJAM-D', null);
INSERT INTO `file` VALUES ('543', 'ajam_R1_142.pdf', '', '142', 'AJAM-R', null);
INSERT INTO `file` VALUES ('544', 'ajam_R1_142_.pdf', '', '142', 'AJAM-D', null);
INSERT INTO `file` VALUES ('545', 'ajam-template0.docx', '0.09 Mo', '142', 'file_source', 'word');
INSERT INTO `file` VALUES ('546', 'ajam_R1_142.pdf', '', '142', 'AJAM-R', null);
INSERT INTO `file` VALUES ('547', 'ajam_R1_142_.pdf', '', '142', 'AJAM-D', null);
INSERT INTO `file` VALUES ('553', 'ajam_D_143.pdf', '', '143', 'AJAM-D', null);
INSERT INTO `file` VALUES ('554', 'ajam_D_143_.pdf', '', '143', 'AJAM-D', null);
INSERT INTO `file` VALUES ('557', 'ajam_R1_143.pdf', '', '143', 'AJAM-R', null);
INSERT INTO `file` VALUES ('558', 'ajam_R1_143_.pdf', '', '143', 'AJAM-D', null);
INSERT INTO `file` VALUES ('561', 'ajam_R1_143.pdf', '', '143', 'AJAM-R', null);
INSERT INTO `file` VALUES ('562', 'ajam_R1_143_.pdf', '', '143', 'AJAM-D', null);
INSERT INTO `file` VALUES ('564', 'ajam-template.tex', '0.01 Mo', '143', 'file_source', 'latex');
INSERT INTO `file` VALUES ('565', 'ajam_R2_143.pdf', '', '143', 'AJAM-R', null);
INSERT INTO `file` VALUES ('566', 'ajam_R2_143_.pdf', '', '143', 'AJAM-D', null);
INSERT INTO `file` VALUES ('567', 'Figure10.jpg', '58.17 ko', '143', 'image_source', 'JPG');
INSERT INTO `file` VALUES ('569', 'ajam_D_144.pdf', '', '144', 'AJAM-D_pdf', null);
INSERT INTO `file` VALUES ('570', 'ajam_D_144_.pdf', '', '144', 'AJAM-D', null);
INSERT INTO `file` VALUES ('573', 'ajam_R1_144.pdf', '', '144', 'AJAM-R', null);
INSERT INTO `file` VALUES ('574', 'ajam_R1_144_.pdf', '', '144', 'AJAM-D', null);
INSERT INTO `file` VALUES ('576', 'ajam-template.tex', '0.01 Mo', '144', 'file_source', 'latex');
INSERT INTO `file` VALUES ('577', 'ajam_R2_144.pdf', '', '144', 'AJAM-R', null);
INSERT INTO `file` VALUES ('578', 'ajam_R2_144_.pdf', '', '144', 'AJAM-D', null);
INSERT INTO `file` VALUES ('579', 'Figure10.jpg', '58.17 ko', '144', 'image_source', 'JPG');
INSERT INTO `file` VALUES ('581', 'ajam_D_145.pdf', '', '145', 'AJAM-D_pdf', null);
INSERT INTO `file` VALUES ('582', 'ajam_D_145_.pdf', '', '145', 'AJAM-D', null);
INSERT INTO `file` VALUES ('584', 'ajam-template.tex', '0.01 Mo', '145', 'file_source', 'latex');
INSERT INTO `file` VALUES ('585', 'ajam_R1_145.pdf', '', '145', 'AJAM-R', null);
INSERT INTO `file` VALUES ('586', 'ajam_R1_145_.pdf', '', '145', 'AJAM-D', null);
INSERT INTO `file` VALUES ('587', 'Figure10.jpg', '58.17 ko', '145', 'image_source', 'JPG');
INSERT INTO `file` VALUES ('588', 'ajam-template.tex', '13.35 Ko', '146', 'file_source', 'latex');
INSERT INTO `file` VALUES ('589', 'ajam_D_146.pdf', '', '146', 'AJAM-D_pdf', null);
INSERT INTO `file` VALUES ('590', 'ajam_D_146_.pdf', '', '146', 'AJAM-D', null);
INSERT INTO `file` VALUES ('591', 'Figure10.jpg', '58.17 ko', '146', 'image_source', 'JPG');
INSERT INTO `file` VALUES ('592', 'ajam-template.tex', '13.35 Ko', '147', 'file_source', 'latex');
INSERT INTO `file` VALUES ('593', 'ajam_D_147.pdf', '', '147', 'AJAM-D_pdf', null);
INSERT INTO `file` VALUES ('594', 'ajam_D_147_.pdf', '', '147', 'AJAM-D', null);
INSERT INTO `file` VALUES ('595', 'Figure10.jpg', '58.17 ko', '147', 'image_source', 'JPG');
INSERT INTO `file` VALUES ('596', 'ajam-template.tex', '13.35 Ko', '148', 'file_source', 'latex');
INSERT INTO `file` VALUES ('597', 'ajam_D_148.pdf', '', '148', 'AJAM-D_pdf', null);
INSERT INTO `file` VALUES ('598', 'ajam_D_148_.pdf', '', '148', 'AJAM-D', null);
INSERT INTO `file` VALUES ('599', 'Figure10.jpg', '58.17 ko', '148', 'image_source', 'JPG');
INSERT INTO `file` VALUES ('601', 'ajam_D_149.pdf', '', '149', 'AJAM-D_pdf', null);
INSERT INTO `file` VALUES ('602', 'ajam_D_149_.pdf', '', '149', 'AJAM-D', null);
INSERT INTO `file` VALUES ('604', 'AJAM_Invit_lett_to_review.docx', '0.01 Mo', '149', 'file_source', 'word');
INSERT INTO `file` VALUES ('605', 'ajam_R2_149.pdf', '', '149', 'AJAM-R', null);
INSERT INTO `file` VALUES ('606', 'ajam_R2_149_.pdf', '', '149', 'AJAM-D', null);
INSERT INTO `file` VALUES ('607', 'ajam-template.tex', '13.35 Ko', '150', 'file_source', 'latex');
INSERT INTO `file` VALUES ('608', 'ajam_D_150.pdf', '', '150', 'AJAM-D_pdf', null);
INSERT INTO `file` VALUES ('609', 'ajam_D_150_.pdf', '', '150', 'AJAM-D', null);
INSERT INTO `file` VALUES ('610', 'Figure10.jpg', '58.17 ko', '150', 'image_source', 'JPG');
INSERT INTO `file` VALUES ('611', 'ajam-template.tex', '13.35 Ko', '151', 'file_source', 'latex');
INSERT INTO `file` VALUES ('612', 'ajam_D_151.pdf', '', '151', 'AJAM-D_pdf', null);
INSERT INTO `file` VALUES ('613', 'ajam_D_151_.pdf', '', '151', 'AJAM-D', null);
INSERT INTO `file` VALUES ('614', 'origin.gif', '11.85 ko', '151', 'image_source', 'GIF');
INSERT INTO `file` VALUES ('615', 'ajam-template.tex', '13.35 Ko', '152', 'file_source', 'latex');
INSERT INTO `file` VALUES ('616', 'ajam_D_152.pdf', '', '152', 'AJAM-D_pdf', null);
INSERT INTO `file` VALUES ('617', 'ajam_D_152_.pdf', '', '152', 'AJAM-D', null);
INSERT INTO `file` VALUES ('618', 'Figure10.jpg', '58.17 ko', '152', 'image_source', 'JPG');
INSERT INTO `file` VALUES ('619', 'ajam-template.tex', '13.35 Ko', '153', 'file_source', 'latex');
INSERT INTO `file` VALUES ('620', 'ajam_D_153.pdf', '', '153', 'AJAM-D_pdf', null);
INSERT INTO `file` VALUES ('621', 'ajam_D_153_.pdf', '', '153', 'AJAM-D', null);
INSERT INTO `file` VALUES ('622', 'Figure10.jpg', '58.17 ko', '153', 'image_source', 'JPG');
INSERT INTO `file` VALUES ('623', 'ajam-template.tex', '13.35 Ko', '154', 'file_source', 'latex');
INSERT INTO `file` VALUES ('624', 'ajam_D_154.pdf', '', '154', 'AJAM-D_pdf', null);
INSERT INTO `file` VALUES ('625', 'ajam_D_154_.pdf', '', '154', 'AJAM-D', null);
INSERT INTO `file` VALUES ('626', 'Figure10.jpg', '58.17 ko', '154', 'image_source', 'JPG');
INSERT INTO `file` VALUES ('627', 'ajam-template.tex', '13.35 Ko', '155', 'file_source', 'latex');
INSERT INTO `file` VALUES ('628', 'ajam_D_155.pdf', '', '155', 'AJAM-D_pdf', null);
INSERT INTO `file` VALUES ('629', 'ajam_D_155_.pdf', '', '155', 'AJAM-D', null);
INSERT INTO `file` VALUES ('630', 'Figure10.jpg', '58.17 ko', '155', 'image_source', 'JPG');
INSERT INTO `file` VALUES ('631', 'ajam-template.tex', '13.35 Ko', '156', 'file_source', 'latex');
INSERT INTO `file` VALUES ('632', 'ajam_D_156.pdf', '', '156', 'AJAM-D_pdf', null);
INSERT INTO `file` VALUES ('633', 'ajam_D_156_.pdf', '', '156', 'AJAM-D', null);
INSERT INTO `file` VALUES ('634', 'Figure10.jpg', '58.17 ko', '156', 'image_source', 'JPG');
INSERT INTO `file` VALUES ('635', 'ajam-template.tex', '0.01 Mo', '95', 'file_source', 'latex');
INSERT INTO `file` VALUES ('636', 'ajam_D_95.pdf', '', '95', 'AJAM-D', null);
INSERT INTO `file` VALUES ('637', 'ajam_D_95_.pdf', '', '95', 'AJAM-D', null);
INSERT INTO `file` VALUES ('638', 'Figure10.jpg', '58.17 ko', '95', 'image_source', 'JPG');
INSERT INTO `file` VALUES ('639', 'ajam-template.tex', '13.35 Ko', '157', 'file_source', 'latex');
INSERT INTO `file` VALUES ('640', 'ajam_D_157.pdf', '', '157', 'AJAM-D_pdf', null);
INSERT INTO `file` VALUES ('641', 'ajam_D_157_.pdf', '', '157', 'AJAM-D', null);
INSERT INTO `file` VALUES ('642', 'Figure10.jpg', '58.17 ko', '157', 'image_source', 'JPG');
INSERT INTO `file` VALUES ('643', 'ajam-template.tex', '13.35 Ko', '158', 'file_source', 'latex');
INSERT INTO `file` VALUES ('644', 'ajam_D_158.pdf', '', '158', 'AJAM-D_pdf', null);
INSERT INTO `file` VALUES ('645', 'ajam_D_158_.pdf', '', '158', 'AJAM-D', null);
INSERT INTO `file` VALUES ('646', 'Figure10.jpg', '58.17 ko', '158', 'image_source', 'JPG');
INSERT INTO `file` VALUES ('647', 'ajam-template.tex', '13.35 Ko', '159', 'file_source', 'latex');
INSERT INTO `file` VALUES ('648', 'ajam_D_159.pdf', '', '159', 'AJAM-D_pdf', null);
INSERT INTO `file` VALUES ('649', 'ajam_D_159_.pdf', '', '159', 'AJAM-D', null);
INSERT INTO `file` VALUES ('650', 'Figure10.jpg', '58.17 ko', '159', 'image_source', 'JPG');
INSERT INTO `file` VALUES ('651', 'ajam-template.tex', '13.35 Ko', '160', 'file_source', 'latex');
INSERT INTO `file` VALUES ('652', 'ajam_D_160.pdf', '', '160', 'AJAM-D_pdf', null);
INSERT INTO `file` VALUES ('653', 'ajam_D_160_.pdf', '', '160', 'AJAM-D', null);
INSERT INTO `file` VALUES ('654', 'Figure10.jpg', '58.17 ko', '160', 'image_source', 'JPG');

-- ----------------------------
-- Table structure for messages
-- ----------------------------
DROP TABLE IF EXISTS `messages`;
CREATE TABLE `messages` (
  `id` int(11) NOT NULL AUTO_INCREMENT,
  `dis` int(11) NOT NULL,
  `src` int(11) NOT NULL,
  `msg` text CHARACTER SET latin1 NOT NULL,
  PRIMARY KEY (`id`),
  KEY `dis` (`dis`),
  KEY `src` (`src`)
) ENGINE=InnoDB AUTO_INCREMENT=10 DEFAULT CHARSET=utf8;

-- ----------------------------
-- Records of messages
-- ----------------------------
INSERT INTO `messages` VALUES ('2', '1', '1', 'sdfesgrdhhyjf');
INSERT INTO `messages` VALUES ('3', '1', '1', '');
INSERT INTO `messages` VALUES ('4', '1', '1', '');
INSERT INTO `messages` VALUES ('5', '1', '1', 'qesrdtyjfugt');
INSERT INTO `messages` VALUES ('6', '1', '1', '');
INSERT INTO `messages` VALUES ('7', '1', '1', 'jhgkjghkjgkjgkjgk');
INSERT INTO `messages` VALUES ('8', '1', '1', 'undefined');
INSERT INTO `messages` VALUES ('9', '1', '1', 'undefined');

-- ----------------------------
-- Table structure for personne
-- ----------------------------
DROP TABLE IF EXISTS `personne`;
CREATE TABLE `personne` (
  `id` int(11) NOT NULL AUTO_INCREMENT,
  `fname` varchar(255) CHARACTER SET latin1 NOT NULL,
  `mname` varchar(255) CHARACTER SET latin1 DEFAULT NULL,
  `lname` varchar(255) CHARACTER SET latin1 NOT NULL,
  `affiliation` varchar(255) CHARACTER SET latin1 NOT NULL,
  `adresse` varchar(255) CHARACTER SET latin1 NOT NULL,
  `city` varchar(255) CHARACTER SET latin1 NOT NULL,
  `state` varchar(255) CHARACTER SET latin1 NOT NULL,
  `contry` varchar(255) CHARACTER SET latin1 NOT NULL,
  `pcode` varchar(10) CHARACTER SET latin1 NOT NULL,
  `email` varchar(255) CHARACTER SET latin1 NOT NULL,
  `phone` varchar(20) CHARACTER SET latin1 DEFAULT NULL,
  `fax` varchar(20) CHARACTER SET latin1 DEFAULT NULL,
  `password` varchar(255) CHARACTER SET latin1 NOT NULL,
  `date` datetime DEFAULT NULL,
  `title` varchar(255) CHARACTER SET latin1 NOT NULL,
  `grade` varchar(255) CHARACTER SET latin1 NOT NULL,
  PRIMARY KEY (`id`),
  UNIQUE KEY `email` (`email`)
) ENGINE=InnoDB AUTO_INCREMENT=20 DEFAULT CHARSET=utf8;

-- ----------------------------
-- Records of personne
-- ----------------------------
INSERT INTO `personne` VALUES ('15', 'KHODJA', 'AHMED', 'ahmed', 'Doctora', '47 bouali said', 'annaba', 'annaba', 'Algeria', '23000', 'a.khodja@csc.dz', '', 'a.khodja@csc.dz', 'fb3c1ab959f1c01c4dd6fef88df87582', '2016-01-18 16:14:12', 'Professor', 'master2');
INSERT INTO `personne` VALUES ('16', 'khodja', 'ahmed', 'ahmed', 'Master2', '47 bouali said', 'annaba', 'annaba', 'Algeria', '23000', 'ad.khodja@gmail.com', '', 'a.khodja@csc.dz', '5c2a20207b5a810f38888f18640a0991', '2016-11-02 21:18:20', 'Dr', '');
INSERT INTO `personne` VALUES ('17', 'khodja', 'ahmed', 'ahmed', 'Master2', '47 bouali said', 'annaba', 'annaba', 'Algeria', '23000', 'ad.khodja2@gmail.com', '', 'a.khodja@csc.dz', '5c2a20207b5a810f38888f18640a0991', '2016-11-02 21:57:16', 'Dr', '');
INSERT INTO `personne` VALUES ('18', 'khodja', 'ahmed', 'ahmed', 'Master2', '47 bouali said', 'annaba', 'annaba', 'Algeria', '23000', 'ad.khodja3@gmail.com', '', 'a.khodja@csc.dz', '5c2a20207b5a810f38888f18640a0991', '2016-11-02 22:03:15', 'Dr', '');
INSERT INTO `personne` VALUES ('19', 'khodja', 'ahmed', 'ahmed', 'Master2', '47 bouali said', 'annaba', 'annaba', 'Algeria', '23000', 'ad.khodja4@gmail.com', '', 'a.khodja@csc.dz', '5c2a20207b5a810f38888f18640a0991', '2016-11-02 22:10:26', 'Dr', 'Master 2');

-- ----------------------------
-- Table structure for res_rev
-- ----------------------------
DROP TABLE IF EXISTS `res_rev`;
CREATE TABLE `res_rev` (
  `id` int(11) NOT NULL AUTO_INCREMENT,
  `Novelty` varchar(255) COLLATE utf8_unicode_ci NOT NULL,
  `Technical` varchar(255) COLLATE utf8_unicode_ci NOT NULL,
  `Relevance` varchar(255) COLLATE utf8_unicode_ci NOT NULL,
  `Quality` varchar(255) COLLATE utf8_unicode_ci NOT NULL,
  `Comments` longtext COLLATE utf8_unicode_ci NOT NULL,
  `recommendation` varchar(255) COLLATE utf8_unicode_ci NOT NULL,
  `Confidential` longtext COLLATE utf8_unicode_ci NOT NULL,
  PRIMARY KEY (`id`)
) ENGINE=InnoDB AUTO_INCREMENT=60 DEFAULT CHARSET=utf8 COLLATE=utf8_unicode_ci;

-- ----------------------------
-- Records of res_rev
-- ----------------------------
INSERT INTO `res_rev` VALUES ('1', 'Novel results and original work', 'Excellent technical quality.', 'Above average.', 'Substantial revision work is needed.', 'jgh,fngdfgfn', 'Marginal accept.', 'ngfnfgngfngfngfng');
INSERT INTO `res_rev` VALUES ('2', 'A pioneering piece of work.', 'Technically solid.', 'Excellent.', 'Well written.', 'sfdfdgf', 'Marginal accept.', 'fsdgfh');
INSERT INTO `res_rev` VALUES ('3', 'A pioneering piece of work.', 'Excellent technical quality.', 'Above average.', 'Excellent.', 'ehrjhjhs', 'Strong Accept (top 10%).', 'hdfhdfhd');
INSERT INTO `res_rev` VALUES ('4', 'A pioneering piece of work.', 'Excellent technical quality.', 'Below average.', 'Well written.', 'kutjyrtehsr', 'Strong Accept (top 10%).', 'dgnhjhrtrf,hdgn');
INSERT INTO `res_rev` VALUES ('5', 'Some novel results on a subject well investigated.', 'Minor flaws, but conclusions still believable.', 'Average.', 'Excellent.', 'jdfnozejfzejerfmùzlerf', 'Accept.', 'kompùl^*m$\r\n');
INSERT INTO `res_rev` VALUES ('7', 'A pioneering piece of work.', 'Significant flaws that may call some results into question.', 'Above average.', 'Readable; could benefit from revision.', 'kkk', 'Strong Accept (top 10%).', 'nnn');
INSERT INTO `res_rev` VALUES ('9', '', '', '', '', '', '', '');
INSERT INTO `res_rev` VALUES ('10', 'A pioneering piece of work.', 'Excellent technical quality.', 'Below average.', 'Excellent.', 'fngcv,h;jb:knbj;vh,cgnxfb', 'Marginal accept.', 'wvfbxncvn;b,;:,!;');
INSERT INTO `res_rev` VALUES ('11', 'Novel results and original work', 'Minor flaws, but conclusions still believable.', 'Above average.', 'Excellent.', 'lllllll', 'Marginal accept.', 'jjjjjj');
INSERT INTO `res_rev` VALUES ('12', 'A pioneering piece of work.', 'Excellent technical quality.', 'Above average.', 'Well written.', 'dddd', 'Strong Accept (top 10%).', 'ddd');
INSERT INTO `res_rev` VALUES ('13', 'A pioneering piece of work.', 'Excellent technical quality.', 'Average.', 'Excellent.', 'dsfdgfjh', 'Reject.', 'rrrrrrr');
INSERT INTO `res_rev` VALUES ('14', 'A pioneering piece of work.', 'Excellent technical quality.', 'Excellent.', 'Excellent.', 'rrrrr', 'Marginal accept.', 'rrrrrrr');
INSERT INTO `res_rev` VALUES ('15', 'A pioneering piece of work.', 'Excellent technical quality.', 'Excellent.', 'Excellent.', 'qqqq', 'Strong Accept (top 10%).', 'qqqq');
INSERT INTO `res_rev` VALUES ('16', 'A pioneering piece of work.', 'Excellent technical quality.', 'Above average.', 'Excellent.', 'mjkhljgkhjgc', 'Strong Accept (top 10%).', 'jhfjhhfhjfgjfjgjgfj');
INSERT INTO `res_rev` VALUES ('17', 'Minor variations on a well studied subject.', '', 'Above average.', 'Unacceptable.', 'eqshjdfkglih', 'Reject.', 'krtulkyuliyut');
INSERT INTO `res_rev` VALUES ('18', 'Novel results and original work', 'Technically solid.', 'Above average.', 'Excellent.', 'sfgdfhgjhgjhkjlkmlù', 'Strong Accept (top 10%).', 'esrdtfykguihmjopk^lm');
INSERT INTO `res_rev` VALUES ('19', 'Minor variations on a well studied subject.', 'Excellent technical quality.', 'Above average.', 'Unacceptable.', 'sdfgh', 'Marginal accept.', 'fgnhgbf');
INSERT INTO `res_rev` VALUES ('20', 'A pioneering piece of work.', 'Technically solid.', 'Excellent.', 'Excellent.', '<wxfghgfds', 'Strong Accept (top 10%).', 'rtyulojkm');
INSERT INTO `res_rev` VALUES ('21', 'A pioneering piece of work.', 'Minor flaws, but conclusions still believable.', 'Excellent.', 'Well written.', 'qsdfghj', 'Marginal reject.', 'zertyuliojpkôlm');
INSERT INTO `res_rev` VALUES ('22', 'Novel results and original work', 'Significant flaws that may call some results into question.', 'Above average.', 'Unacceptable.', '', 'Marginal reject.', '');
INSERT INTO `res_rev` VALUES ('23', 'A pioneering piece of work.', 'Technically solid.', 'Excellent.', 'Excellent.', ';lukjhg', 'Marginal accept.', 'DFGHJRKTLKYUM');
INSERT INTO `res_rev` VALUES ('24', 'A pioneering piece of work.', 'Excellent technical quality.', 'Excellent.', 'Excellent.', 'jiuigyjthrge', 'Strong Accept (top 10%).', 'wdfxghcvjbklj');
INSERT INTO `res_rev` VALUES ('25', 'Novel results and original work', 'Technically solid.', 'Excellent.', 'Well written.', 'fsqdsgfhgjfhgjhk:', 'Strong Accept (top 10%).', 'fh,g');
INSERT INTO `res_rev` VALUES ('26', 'A pioneering piece of work.', 'Excellent technical quality.', 'Excellent.', 'Readable; could benefit from revision.', 'dwfx,hfj;gl!jm', 'Marginal reject.', 'qdgfgdhfgjk:hjlkm');
INSERT INTO `res_rev` VALUES ('27', 'A pioneering piece of work.', 'Questionable work with severe flaws.', 'Above average.', 'Excellent.', 'eqsrdtjyfkuglih', 'Marginal accept.', 'srdtjfrkyu');
INSERT INTO `res_rev` VALUES ('28', 'A pioneering piece of work.', 'Excellent technical quality.', 'Excellent.', 'Excellent.', 'wxcdfvgbhnj', 'Strong Accept (top 10%).', 'defrgthyjukolpm^ù\r\n');
INSERT INTO `res_rev` VALUES ('29', 'A pioneering piece of work.', 'Minor flaws, but conclusions still believable.', 'Above average.', 'Unacceptable.', 'dgfshjgfgjk', 'Marginal reject.', 'sgdsfdjgkflghk');
INSERT INTO `res_rev` VALUES ('30', 'Some novel results on a subject well investigated.', 'Minor flaws, but conclusions still believable.', 'Above average.', 'Readable; could benefit from revision.', 'gsrdhtgjfkgh', 'Strong Accept (top 10%).', ',v,v,,,,,,,,,,,,,,,,,,,,,,,,');
INSERT INTO `res_rev` VALUES ('31', 'Novel results and original work', 'Minor flaws, but conclusions still believable.', 'Above average.', 'Readable; could benefit from revision.', 'gsfgsdgsd', 'Accept.', 'gdsgsd');
INSERT INTO `res_rev` VALUES ('32', 'A pioneering piece of work.', 'Excellent technical quality.', 'Excellent.', 'Excellent.', 'fxbxcbxcbxcbxc', 'Accept.', 'fhdghdgfhfdghdfh');
INSERT INTO `res_rev` VALUES ('33', 'Novel results and original work', 'Technically solid.', 'Below average.', 'Well written.', 'kkkkkk', 'Accept.', 'kkkkk');
INSERT INTO `res_rev` VALUES ('34', 'A pioneering piece of work.', 'Excellent technical quality.', 'Above average.', 'Excellent.', 'ghjklmù', 'Marginal accept.', 'fhgjklmù');
INSERT INTO `res_rev` VALUES ('35', 'Novel results and original work', 'Technically solid.', 'Excellent.', 'Well written.', 'fghjukompù', 'Strong Accept (top 10%).', '^gdfhjklm');
INSERT INTO `res_rev` VALUES ('36', 'A pioneering piece of work.', 'Excellent technical quality.', 'Above average.', 'Excellent.', 'dfbgfbfg', 'Marginal reject.', 'htgethetrhrt');
INSERT INTO `res_rev` VALUES ('37', 'A pioneering piece of work.', 'Minor flaws, but conclusions still believable.', 'None.', 'Excellent.', 'fzefzef', 'Marginal reject.', 'fzefezfezfez');
INSERT INTO `res_rev` VALUES ('38', 'A pioneering piece of work.', 'Excellent technical quality.', 'Excellent.', 'Excellent.', 'fqgsrhtjdyfklghl', 'Major revision.', 'shdjh,g,dg,g,');
INSERT INTO `res_rev` VALUES ('39', 'Novel results and original work', 'Minor flaws, but conclusions still believable.', 'Excellent.', 'Unacceptable.', 'qesrhtjryktuy', 'Minor revision.', 'erzhtejyrkutilyomupùi^$o');
INSERT INTO `res_rev` VALUES ('40', 'Novel results and original work', 'Significant flaws that may call some results into question.', 'Below average.', 'Excellent.', 'gfjhklmkl', 'Accept.', 'sadzfeqtkuiyi');
INSERT INTO `res_rev` VALUES ('41', 'A pioneering piece of work.', 'Excellent technical quality.', 'Excellent.', 'Excellent.', 'kkkfoikzerikgrez', 'Major revision.', 'xxxxxxxx');
INSERT INTO `res_rev` VALUES ('43', 'A pioneering piece of work.', 'Excellent technical quality.', 'Above average.', 'Excellent.', 'hdsfhsdkhfsdhfksdh', 'Accept.', 'ghihusfguishdguihsdoig');
INSERT INTO `res_rev` VALUES ('44', 'A pioneering piece of work.', 'Excellent technical quality.', 'Excellent.', 'Excellent.', 'shbghsfh', 'Minor revision.', 'gsgdgsgsdgdsgsdg');
INSERT INTO `res_rev` VALUES ('46', 'Novel results and original work', 'Excellent technical quality.', 'Above average.', 'Substantial revision work is needed.', 'dffff', 'Minor revision.', 'fffff');
INSERT INTO `res_rev` VALUES ('47', 'Some novel results on a subject well investigated.', 'Excellent technical quality.', 'Excellent.', 'Excellent.', 'vdfsqvqdsv', 'Minor revision.', 'vdqvqdvqdvqdvqdvqdv');
INSERT INTO `res_rev` VALUES ('48', 'A pioneering piece of work.', 'Excellent technical quality.', 'Excellent.', 'Excellent.', 'fjhjfjfgh', 'Accept.', 'jfgjfgjfgjf');
INSERT INTO `res_rev` VALUES ('49', 'A pioneering piece of work.', 'Technically solid.', 'Below average.', 'Excellent.', 'qyrsutdiyutimyoùup', 'Accept.', 'liylyilyly');
INSERT INTO `res_rev` VALUES ('50', 'Novel results and original work', 'Technically solid.', 'Excellent.', 'Excellent.', 'srtdjyfkutiy', 'Minor revision.', 'sfdghjklmùù');
INSERT INTO `res_rev` VALUES ('51', 'Novel results and original work', 'Technically solid.', 'Excellent.', 'Well written.', 'hsrhreherhe', 'Accept.', 'hsfhsdhsfhs');
INSERT INTO `res_rev` VALUES ('52', 'Novel results and original work', 'Minor flaws, but conclusions still believable.', 'Average.', 'Excellent.', 'ghjkl', 'Reject.', 'hkmjlkmlù');
INSERT INTO `res_rev` VALUES ('53', 'A pioneering piece of work.', 'Significant flaws that may call some results into question.', 'Excellent.', 'Unacceptable.', 'ggggggggggggggggg', 'Major revision.', 'gggggg');
INSERT INTO `res_rev` VALUES ('54', 'Some novel results on a subject well investigated.', 'Technically solid.', 'Excellent.', 'Excellent.', 'cqcqscqs', 'Accept.', 'csqcqcqscqs');
INSERT INTO `res_rev` VALUES ('55', 'Novel results and original work', 'Excellent technical quality.', 'Average.', 'Excellent.', 'f,gj;khljmk', 'Accept.', 'mjomlm');
INSERT INTO `res_rev` VALUES ('56', 'A pioneering piece of work.', 'Excellent technical quality.', 'Excellent.', 'Excellent.', 'ngdndfn', 'Major revision.', 'ndgndndndgnd');
INSERT INTO `res_rev` VALUES ('57', 'Novel results and original work', 'Minor flaws, but conclusions still believable.', 'Excellent.', 'Excellent.', 'xsqxqsx', 'Accept.', 'xsqxqx');
INSERT INTO `res_rev` VALUES ('59', 'A pioneering piece of work.', 'Technically solid.', 'Excellent.', 'Unacceptable.', 'glkujljghl', 'Major revision.', 'ljglgjljgljg');

-- ----------------------------
-- Table structure for reviewer
-- ----------------------------
DROP TABLE IF EXISTS `reviewer`;
CREATE TABLE `reviewer` (
  `id` int(11) NOT NULL AUTO_INCREMENT,
  `password` varchar(255) COLLATE utf8_unicode_ci NOT NULL,
  `author` int(11) DEFAULT NULL,
  `fname` varchar(255) COLLATE utf8_unicode_ci NOT NULL,
  `mname` varchar(255) COLLATE utf8_unicode_ci DEFAULT NULL,
  `lname` varchar(255) COLLATE utf8_unicode_ci NOT NULL,
  `email` varchar(255) COLLATE utf8_unicode_ci NOT NULL,
  PRIMARY KEY (`id`)
) ENGINE=InnoDB AUTO_INCREMENT=18 DEFAULT CHARSET=utf8 COLLATE=utf8_unicode_ci;

-- ----------------------------
-- Records of reviewer
-- ----------------------------
INSERT INTO `reviewer` VALUES ('1', 'fb3c1ab959f1c01c4dd6fef88df87582', null, 'KHODJA', null, 'Ahmed', 'ad.khodja@gmail.com');
INSERT INTO `reviewer` VALUES ('2', 'fb3c1ab959f1c01c4dd6fef88df87582', null, 'BARECHE', 'MOHAMED', 'NADJI', 'ad.khodja2@gmail.com');
INSERT INTO `reviewer` VALUES ('3', '5c2a20207b5a810f38888f18640a0991', null, 'ABBACI', 'MOUNIR', 'MOUNIR', 'a.abbaci@gmail.com');
INSERT INTO `reviewer` VALUES ('4', '5c2a20207b5a810f38888f18640a0991', null, 'ABBACI', 'MOUNIR', 'MOUNIR', 'a.abbacii@gmail.com');
INSERT INTO `reviewer` VALUES ('5', 'd41d8cd98f00b204e9800998ecf8427e', null, 'ABBACI', 'MOUNIR', 'MOUNIR', 'a.abbaacii@gmail.com');
INSERT INTO `reviewer` VALUES ('6', 'f167262faf35e269b04d16ba2f01f588', null, 'ABBACI', 'MOUNIR', 'MOUNIR', 'a.abbaacii@gmail.com');
INSERT INTO `reviewer` VALUES ('7', 'f167262faf35e269b04d16ba2f01f588', null, 'ABBACI', 'MOUNIR', 'MOUNIR', 'a.abbaacii@gmail.com');
INSERT INTO `reviewer` VALUES ('8', '53f2e58c9bf3d873a7dbe1d6de9078f7', null, 'ABBACI', 'MOUNIR', 'MOUNIR', 'a.abbaacii@gmail.com');
INSERT INTO `reviewer` VALUES ('9', '5c2a20207b5a810f38888f18640a0991', null, 'Boughdir ', 'NOURDDINE', 'NOURDDINE', 'b.boughdire@gmail.com');
INSERT INTO `reviewer` VALUES ('10', '5c2a20207b5a810f38888f18640a0991', null, 'khodja', '', 'Zoubir', 'a.khodja@gmail.com');
INSERT INTO `reviewer` VALUES ('11', '7ef96072d6630265099cbfd6deb9e0a5', null, 'rfd', 'cd', 'cd', 'cdcdcd');
INSERT INTO `reviewer` VALUES ('13', '5c2a20207b5a810f38888f18640a0991', null, 'Nourddine', '', 'Bourddir', 'Bourddir@gmail.com');
INSERT INTO `reviewer` VALUES ('14', '5c2a20207b5a810f38888f18640a0991', null, 'Nourddine', '', 'Bourddir', 'Bourddir@gmail.com');
INSERT INTO `reviewer` VALUES ('15', '5c2a20207b5a810f38888f18640a0991', null, 'Nourddine', '', 'Bourddir', 'Bourddir@gmail.com');
INSERT INTO `reviewer` VALUES ('16', '5c2a20207b5a810f38888f18640a0991', null, 'boughdir', '', 'nourddine', 'nourddine@gmail.com');

-- ----------------------------
-- Table structure for state_author
-- ----------------------------
DROP TABLE IF EXISTS `state_author`;
CREATE TABLE `state_author` (
  `id` int(11) NOT NULL AUTO_INCREMENT,
  `article` int(11) NOT NULL,
  `file` int(11) DEFAULT NULL,
  `date` datetime NOT NULL,
  `state` varchar(255) NOT NULL,
  PRIMARY KEY (`id`)
) ENGINE=InnoDB AUTO_INCREMENT=477 DEFAULT CHARSET=latin1;

-- ----------------------------
-- Records of state_author
-- ----------------------------
INSERT INTO `state_author` VALUES ('228', '92', '278', '2016-11-02 14:54:26', 'Submited Article');
INSERT INTO `state_author` VALUES ('229', '92', '278', '2016-11-02 14:54:26', 'With Editor');
INSERT INTO `state_author` VALUES ('230', '93', '281', '2016-11-02 20:36:15', 'validation');
INSERT INTO `state_author` VALUES ('231', '94', '283', '2016-11-02 21:21:07', 'validation');
INSERT INTO `state_author` VALUES ('232', '95', '637', '2016-11-30 11:37:21', 'Submited Manuscript');
INSERT INTO `state_author` VALUES ('233', '96', '289', '2016-11-02 21:59:20', 'validation');
INSERT INTO `state_author` VALUES ('234', '97', '292', '2016-11-02 22:05:55', 'validation');
INSERT INTO `state_author` VALUES ('235', '98', '298', '2016-11-02 22:19:28', 'Submited Article');
INSERT INTO `state_author` VALUES ('236', '98', '298', '2016-11-02 22:19:28', 'With Editor');
INSERT INTO `state_author` VALUES ('237', '99', '304', '2016-11-02 22:21:41', 'Submited Article');
INSERT INTO `state_author` VALUES ('238', '99', '304', '2016-11-02 22:21:41', 'With Editor');
INSERT INTO `state_author` VALUES ('239', '100', '310', '2016-11-03 18:43:32', 'Submited Article');
INSERT INTO `state_author` VALUES ('240', '100', '310', '2016-11-03 18:43:32', 'With Editor');
INSERT INTO `state_author` VALUES ('241', '100', '310', '2016-11-03 21:36:31', 'In Review');
INSERT INTO `state_author` VALUES ('242', '100', '313', '2016-11-03 21:59:02', '-Revision-');
INSERT INTO `state_author` VALUES ('243', '100', '313', '2016-11-03 21:59:02', 'With Editor');
INSERT INTO `state_author` VALUES ('244', '100', '313', '2016-11-03 22:28:48', 'Accepted');
INSERT INTO `state_author` VALUES ('245', '100', '313', '2016-11-04 20:30:25', 'In Review');
INSERT INTO `state_author` VALUES ('246', '100', '0', '2016-11-04 20:41:25', 'Accepted');
INSERT INTO `state_author` VALUES ('247', '100', '313', '2016-11-04 20:42:57', 'Accepted');
INSERT INTO `state_author` VALUES ('253', '99', '304', '2016-11-04 23:18:10', 'In Review');
INSERT INTO `state_author` VALUES ('261', '99', '316', '2016-11-05 00:28:24', '-Revision-');
INSERT INTO `state_author` VALUES ('262', '99', '316', '2016-11-05 00:28:24', 'With Editor');
INSERT INTO `state_author` VALUES ('265', '99', '316', '2016-11-05 00:59:05', 'In Review');
INSERT INTO `state_author` VALUES ('267', '99', '316', '2016-11-05 01:03:46', 'Accepted');
INSERT INTO `state_author` VALUES ('268', '98', '298', '2016-11-05 10:03:26', 'In Review');
INSERT INTO `state_author` VALUES ('274', '98', '319', '2016-11-05 10:26:09', '-Revision-');
INSERT INTO `state_author` VALUES ('275', '98', '319', '2016-11-05 10:26:09', 'With Editor');
INSERT INTO `state_author` VALUES ('280', '98', '319', '2016-11-05 10:57:26', 'Accepted');
INSERT INTO `state_author` VALUES ('281', '101', '381', '2016-11-07 14:17:46', 'Submited Manuscript');
INSERT INTO `state_author` VALUES ('282', '102', '328', '2016-11-05 22:22:58', 'Submited Article');
INSERT INTO `state_author` VALUES ('283', '102', '328', '2016-11-05 22:22:58', 'With Editor');
INSERT INTO `state_author` VALUES ('284', '102', '328', '2016-11-05 22:32:24', 'In Review');
INSERT INTO `state_author` VALUES ('285', '102', '331', '2016-11-05 22:35:33', '-Revision-');
INSERT INTO `state_author` VALUES ('286', '102', '331', '2016-11-05 22:35:33', 'With Editor');
INSERT INTO `state_author` VALUES ('287', '102', '331', '2016-11-05 22:40:37', 'Accepted');
INSERT INTO `state_author` VALUES ('288', '102', '331', '2016-11-05 23:51:58', 'In Review');
INSERT INTO `state_author` VALUES ('289', '103', '337', '2016-11-06 10:57:37', 'Submited Article');
INSERT INTO `state_author` VALUES ('290', '103', '337', '2016-11-06 10:57:37', 'With Editor');
INSERT INTO `state_author` VALUES ('291', '104', '343', '2016-11-06 15:23:25', 'Submited Article');
INSERT INTO `state_author` VALUES ('292', '104', '343', '2016-11-06 15:23:25', 'With Editor');
INSERT INTO `state_author` VALUES ('293', '104', '343', '2016-11-06 17:02:22', 'In Review');
INSERT INTO `state_author` VALUES ('294', '104', '345', '2016-11-06 17:39:53', '-Revision-');
INSERT INTO `state_author` VALUES ('295', '104', '345', '2016-11-06 17:39:53', 'With Editor');
INSERT INTO `state_author` VALUES ('296', '105', '375', '2016-11-07 12:08:50', 'Submited Manuscript');
INSERT INTO `state_author` VALUES ('297', '105', '375', '2016-11-07 12:08:50', 'With Editor');
INSERT INTO `state_author` VALUES ('298', '101', '381', '2016-11-07 14:17:46', 'With Editor');
INSERT INTO `state_author` VALUES ('299', '106', '393', '2016-11-07 14:39:01', 'Submited Manuscript');
INSERT INTO `state_author` VALUES ('300', '106', '393', '2016-11-07 14:39:01', 'With Editor');
INSERT INTO `state_author` VALUES ('301', '107', '405', '2016-11-07 16:12:16', 'Submited Manuscript');
INSERT INTO `state_author` VALUES ('302', '107', '405', '2016-11-07 16:12:16', 'With Editor');
INSERT INTO `state_author` VALUES ('308', '107', '405', '2016-11-08 10:19:55', 'In Review');
INSERT INTO `state_author` VALUES ('309', '107', '418', '2016-11-08 15:29:45', 'Revision');
INSERT INTO `state_author` VALUES ('310', '107', '418', '2016-11-08 17:28:46', 'In Review');
INSERT INTO `state_author` VALUES ('311', '107', '418', '2016-11-08 17:47:41', 'Revision II');
INSERT INTO `state_author` VALUES ('312', '108', '421', '2016-11-08 22:30:22', 'Submited Manuscript');
INSERT INTO `state_author` VALUES ('313', '108', '421', '2016-11-08 22:30:22', 'With Editor');
INSERT INTO `state_author` VALUES ('314', '108', '421', '2016-11-09 10:07:12', 'In Review');
INSERT INTO `state_author` VALUES ('326', '108', '421', '2016-11-09 16:14:37', '-Revision-');
INSERT INTO `state_author` VALUES ('327', '108', '421', '2016-11-09 16:14:37', 'With Editor');
INSERT INTO `state_author` VALUES ('328', '108', '421', '2016-11-09 17:24:39', 'In Review');
INSERT INTO `state_author` VALUES ('329', '108', '427', '2016-11-09 21:47:21', '-Revision 2-');
INSERT INTO `state_author` VALUES ('330', '108', '427', '2016-11-09 21:47:21', 'With Editor');
INSERT INTO `state_author` VALUES ('331', '109', '429', '2016-11-10 10:43:21', 'Submited Manuscript');
INSERT INTO `state_author` VALUES ('332', '109', '429', '2016-11-10 10:43:21', 'With Editor');
INSERT INTO `state_author` VALUES ('333', '109', '429', '2016-11-10 11:02:14', 'In Review');
INSERT INTO `state_author` VALUES ('334', '110', '432', '2016-11-10 11:10:23', 'Submited Manuscript');
INSERT INTO `state_author` VALUES ('335', '110', '432', '2016-11-10 11:10:23', 'With Editor');
INSERT INTO `state_author` VALUES ('336', '110', '432', '2016-11-10 11:12:07', 'In Review');
INSERT INTO `state_author` VALUES ('337', '110', '432', '2016-11-10 11:22:14', '-Revision-');
INSERT INTO `state_author` VALUES ('338', '110', '432', '2016-11-10 11:22:14', 'With Editor');
INSERT INTO `state_author` VALUES ('339', '110', '432', '2016-11-10 11:28:52', 'In Review');
INSERT INTO `state_author` VALUES ('340', '110', '435', '2016-11-10 14:11:47', '-Revision 2-');
INSERT INTO `state_author` VALUES ('341', '110', '435', '2016-11-10 14:11:47', 'With Editor');
INSERT INTO `state_author` VALUES ('342', '110', '435', '2016-11-10 14:30:19', 'In Review');
INSERT INTO `state_author` VALUES ('345', '110', '435', '2016-11-10 15:19:17', 'Refused');
INSERT INTO `state_author` VALUES ('346', '120', '456', '2016-11-10 21:54:59', 'validation');
INSERT INTO `state_author` VALUES ('347', '121', '458', '2016-11-10 21:56:51', 'validation');
INSERT INTO `state_author` VALUES ('348', '123', '462', '2016-11-12 00:23:35', 'Submited Manuscript');
INSERT INTO `state_author` VALUES ('349', '123', '462', '2016-11-12 00:23:35', 'With Editor');
INSERT INTO `state_author` VALUES ('350', '124', '464', '2016-11-12 13:12:50', 'validation');
INSERT INTO `state_author` VALUES ('351', '125', '467', '2016-11-12 13:14:04', 'validation');
INSERT INTO `state_author` VALUES ('352', '126', '470', '2016-11-12 13:16:19', 'validation');
INSERT INTO `state_author` VALUES ('353', '127', '473', '2016-11-12 13:19:13', 'validation');
INSERT INTO `state_author` VALUES ('354', '128', '476', '2016-11-12 14:43:41', 'validation');
INSERT INTO `state_author` VALUES ('355', '129', '479', '2016-11-12 14:54:22', 'validation');
INSERT INTO `state_author` VALUES ('356', '130', '482', '2016-11-12 14:57:07', 'validation');
INSERT INTO `state_author` VALUES ('357', '131', '486', '2016-11-12 15:02:21', 'Submited Manuscript');
INSERT INTO `state_author` VALUES ('358', '131', '486', '2016-11-12 15:02:21', 'With Editor');
INSERT INTO `state_author` VALUES ('359', '131', '486', '2016-11-12 17:56:21', 'In Review');
INSERT INTO `state_author` VALUES ('360', '131', '506', '2016-11-13 16:58:33', '-Revision-');
INSERT INTO `state_author` VALUES ('361', '132', '490', '2016-11-12 20:28:52', 'validation');
INSERT INTO `state_author` VALUES ('362', '133', '498', '2016-11-12 20:49:32', 'validation');
INSERT INTO `state_author` VALUES ('363', '136', '514', '2016-11-13 17:56:08', 'Submited Manuscript');
INSERT INTO `state_author` VALUES ('364', '139', '522', '2016-11-13 13:58:30', 'validation');
INSERT INTO `state_author` VALUES ('365', '140', '526', '2016-11-13 15:10:49', 'Submited Manuscript');
INSERT INTO `state_author` VALUES ('366', '141', '530', '2016-11-13 15:07:36', 'Submited Manuscript');
INSERT INTO `state_author` VALUES ('367', '141', '530', '2016-11-13 15:05:07', 'With Editor');
INSERT INTO `state_author` VALUES ('368', '141', '530', '2016-11-13 15:07:35', 'With Editor');
INSERT INTO `state_author` VALUES ('369', '140', '526', '2016-11-13 15:10:49', 'With Editor');
INSERT INTO `state_author` VALUES ('370', '142', '541', '2016-11-14 23:00:53', 'Submited Manuscript');
INSERT INTO `state_author` VALUES ('371', '131', '506', '2016-11-13 16:58:33', 'With Editor');
INSERT INTO `state_author` VALUES ('372', '136', '514', '2016-11-13 17:56:08', 'With Editor');
INSERT INTO `state_author` VALUES ('373', '142', '541', '2016-11-14 23:00:53', 'With Editor');
INSERT INTO `state_author` VALUES ('374', '142', '541', '2016-11-14 23:04:18', 'In Review');
INSERT INTO `state_author` VALUES ('375', '142', '544', '2016-11-14 23:19:04', '-Revision-');
INSERT INTO `state_author` VALUES ('376', '142', '544', '2016-11-14 23:19:04', 'With Editor');
INSERT INTO `state_author` VALUES ('377', '142', '544', '2016-11-14 23:32:40', 'In Review');
INSERT INTO `state_author` VALUES ('378', '142', '547', '2016-11-14 23:37:27', '-Revision 2-');
INSERT INTO `state_author` VALUES ('379', '142', '547', '2016-11-14 23:37:27', 'With Editor');
INSERT INTO `state_author` VALUES ('380', '142', '547', '2016-11-14 23:43:41', 'In Review');
INSERT INTO `state_author` VALUES ('381', '143', '554', '2016-11-15 17:51:21', 'Submited Manuscript');
INSERT INTO `state_author` VALUES ('382', '143', '554', '2016-11-15 17:51:21', 'With Editor');
INSERT INTO `state_author` VALUES ('383', '143', '554', '2016-11-15 18:01:48', 'In Review');
INSERT INTO `state_author` VALUES ('384', '143', '558', '2016-11-15 19:17:45', '-Revision-');
INSERT INTO `state_author` VALUES ('385', '143', '558', '2016-11-15 19:17:45', 'With Editor');
INSERT INTO `state_author` VALUES ('386', '143', '558', '2016-11-15 22:02:35', 'In Review');
INSERT INTO `state_author` VALUES ('387', '143', '566', '2016-11-15 22:37:49', '-Revision 2-');
INSERT INTO `state_author` VALUES ('389', '143', '566', '2016-11-15 22:37:49', 'With Editor');
INSERT INTO `state_author` VALUES ('390', '143', '566', '2016-11-15 22:47:02', 'In Review');
INSERT INTO `state_author` VALUES ('391', '108', '427', '2016-11-16 09:49:58', 'In Review');
INSERT INTO `state_author` VALUES ('392', '144', '570', '2016-11-16 10:03:14', 'Submited Manuscript');
INSERT INTO `state_author` VALUES ('393', '144', '570', '2016-11-16 10:03:14', 'With Editor');
INSERT INTO `state_author` VALUES ('394', '140', '526', '2016-11-16 10:05:44', 'In Review');
INSERT INTO `state_author` VALUES ('395', '144', '570', '2016-11-16 10:11:43', 'In Review');
INSERT INTO `state_author` VALUES ('396', '144', '574', '2016-11-16 10:16:23', '-Revision-');
INSERT INTO `state_author` VALUES ('397', '144', '574', '2016-11-16 10:16:23', 'With Editor');
INSERT INTO `state_author` VALUES ('398', '144', '574', '2016-11-16 10:28:40', 'In Review');
INSERT INTO `state_author` VALUES ('399', '144', '578', '2016-11-16 10:33:01', '-Revision 2-');
INSERT INTO `state_author` VALUES ('400', '144', '578', '2016-11-16 10:33:01', 'With Editor');
INSERT INTO `state_author` VALUES ('401', '144', '578', '2016-11-16 10:35:28', 'In Review');
INSERT INTO `state_author` VALUES ('404', '144', '578', '2016-11-16 10:43:58', 'Accepted');
INSERT INTO `state_author` VALUES ('405', '145', '582', '2016-11-16 22:13:32', 'Submited Manuscript');
INSERT INTO `state_author` VALUES ('406', '145', '582', '2016-11-16 22:13:32', 'With Editor');
INSERT INTO `state_author` VALUES ('407', '145', '582', '2016-11-16 22:17:37', 'In Review');
INSERT INTO `state_author` VALUES ('408', '145', '586', '2016-11-16 22:23:02', '-Revision-');
INSERT INTO `state_author` VALUES ('409', '145', '586', '2016-11-16 22:23:02', 'With Editor');
INSERT INTO `state_author` VALUES ('410', '146', '590', '2016-11-22 09:42:29', 'Submited Manuscript');
INSERT INTO `state_author` VALUES ('411', '146', '590', '2016-11-22 09:42:29', 'With Editor');
INSERT INTO `state_author` VALUES ('412', '103', '337', '2016-11-22 16:17:01', 'In Review');
INSERT INTO `state_author` VALUES ('413', '147', '594', '2016-11-23 09:38:34', 'Submited Manuscript');
INSERT INTO `state_author` VALUES ('414', '147', '594', '2016-11-23 09:38:34', 'With Editor');
INSERT INTO `state_author` VALUES ('418', '147', '594', '2016-11-23 09:49:49', 'Refused');
INSERT INTO `state_author` VALUES ('419', '148', '598', '2016-11-23 10:25:05', 'Submited Manuscript');
INSERT INTO `state_author` VALUES ('420', '148', '598', '2016-11-23 10:25:05', 'With Editor');
INSERT INTO `state_author` VALUES ('421', '148', '598', '2016-11-23 10:25:55', 'In Review');
INSERT INTO `state_author` VALUES ('422', '149', '602', '2016-11-24 14:06:20', 'Submited Manuscript');
INSERT INTO `state_author` VALUES ('423', '149', '602', '2016-11-24 14:06:20', 'With Editor');
INSERT INTO `state_author` VALUES ('424', '149', '602', '2016-11-24 14:07:07', 'In Review');
INSERT INTO `state_author` VALUES ('425', '149', '602', '2016-11-24 14:15:48', '-Revision-');
INSERT INTO `state_author` VALUES ('426', '149', '602', '2016-11-24 14:15:49', 'With Editor');
INSERT INTO `state_author` VALUES ('427', '149', '602', '2016-11-24 14:16:49', 'In Review');
INSERT INTO `state_author` VALUES ('428', '149', '606', '2016-11-24 14:22:01', '-Revision 2-');
INSERT INTO `state_author` VALUES ('429', '149', '606', '2016-11-24 14:22:01', 'With Editor');
INSERT INTO `state_author` VALUES ('447', '149', '606', '2016-11-24 15:03:58', 'Accepted');
INSERT INTO `state_author` VALUES ('448', '150', '609', '2016-11-24 15:42:19', 'Submited Manuscript');
INSERT INTO `state_author` VALUES ('449', '150', '609', '2016-11-24 15:42:19', 'With Editor');
INSERT INTO `state_author` VALUES ('450', '150', '609', '2016-11-24 15:42:59', 'In Review');
INSERT INTO `state_author` VALUES ('451', '151', '613', '2016-11-28 11:49:41', 'Submited Manuscript');
INSERT INTO `state_author` VALUES ('452', '151', '613', '2016-11-28 11:49:41', 'With Editor');
INSERT INTO `state_author` VALUES ('453', '151', '613', '2016-11-28 11:51:06', 'In Review');
INSERT INTO `state_author` VALUES ('454', '151', '613', '2016-11-28 11:53:32', 'Revision');
INSERT INTO `state_author` VALUES ('455', '152', '617', '2016-11-29 16:09:32', 'validation');
INSERT INTO `state_author` VALUES ('456', '153', '621', '2016-11-30 10:22:09', 'validation');
INSERT INTO `state_author` VALUES ('457', '154', '625', '2016-11-30 10:26:03', 'validation');
INSERT INTO `state_author` VALUES ('458', '155', '629', '2016-11-30 10:26:49', 'validation');
INSERT INTO `state_author` VALUES ('459', '156', '633', '2016-11-30 10:27:46', 'validation');
INSERT INTO `state_author` VALUES ('460', '95', '637', '2016-11-30 11:37:21', 'With Editor');
INSERT INTO `state_author` VALUES ('461', '108', '427', '2016-12-06 11:54:06', 'Accepted');
INSERT INTO `state_author` VALUES ('463', '108', '427', '2016-12-06 11:55:48', 'Accepted');
INSERT INTO `state_author` VALUES ('464', '108', '427', '2016-12-06 12:00:36', 'Accepted');
INSERT INTO `state_author` VALUES ('465', '108', '427', '2016-12-06 12:01:58', 'Accepted');
INSERT INTO `state_author` VALUES ('466', '108', '427', '2016-12-06 15:22:01', 'Accepted');
INSERT INTO `state_author` VALUES ('467', '157', '641', '2016-12-13 10:27:59', 'Submited Manuscript');
INSERT INTO `state_author` VALUES ('468', '158', '645', '2016-12-13 10:27:12', 'Submited Manuscript');
INSERT INTO `state_author` VALUES ('469', '158', '645', '2016-12-13 10:27:12', 'With Editor');
INSERT INTO `state_author` VALUES ('470', '157', '641', '2016-12-13 10:27:59', 'With Editor');
INSERT INTO `state_author` VALUES ('471', '159', '649', '2016-12-13 10:33:03', 'Submited Manuscript');
INSERT INTO `state_author` VALUES ('472', '159', '649', '2016-12-13 10:33:02', 'With Editor');
INSERT INTO `state_author` VALUES ('473', '160', '653', '2016-12-13 11:23:21', 'Submited Manuscript');
INSERT INTO `state_author` VALUES ('474', '160', '653', '2016-12-13 11:23:21', 'With Editor');
INSERT INTO `state_author` VALUES ('475', '157', '641', '2016-12-14 10:19:56', 'In Review');
INSERT INTO `state_author` VALUES ('476', '157', '641', '2016-12-14 10:42:26', 'Revision');

-- ----------------------------
-- Table structure for state_editor
-- ----------------------------
DROP TABLE IF EXISTS `state_editor`;
CREATE TABLE `state_editor` (
  `id` int(11) NOT NULL AUTO_INCREMENT,
  `article` int(11) NOT NULL,
  `file` int(11) DEFAULT NULL,
  `etat` varchar(255) CHARACTER SET latin1 NOT NULL,
  `date` datetime NOT NULL,
  `editor` int(11) NOT NULL,
  `vu` varchar(255) DEFAULT 'no',
  PRIMARY KEY (`id`),
  KEY `fk_article_editor_chef` (`article`),
  KEY `fk_file_editor_chef` (`file`),
  CONSTRAINT `fk_article_editor_chef` FOREIGN KEY (`article`) REFERENCES `article` (`id`) ON DELETE CASCADE ON UPDATE CASCADE,
  CONSTRAINT `fk_file_editor_chef` FOREIGN KEY (`file`) REFERENCES `file` (`id`) ON DELETE CASCADE ON UPDATE CASCADE
) ENGINE=InnoDB AUTO_INCREMENT=400 DEFAULT CHARSET=utf8;

-- ----------------------------
-- Records of state_editor
-- ----------------------------
INSERT INTO `state_editor` VALUES ('154', '92', '278', '-Submited-', '2016-11-02 14:54:26', '1', 'no');
INSERT INTO `state_editor` VALUES ('155', '92', '278', 'Waiting Review', '2016-11-02 14:55:16', '1', 'no');
INSERT INTO `state_editor` VALUES ('156', '93', '281', 'Pre_Submited', '2016-11-02 20:36:15', '1', 'no');
INSERT INTO `state_editor` VALUES ('157', '94', '283', 'Pre_Submited', '2016-11-02 21:21:07', '1', 'no');
INSERT INTO `state_editor` VALUES ('160', '97', '292', 'Pre_Submited', '2016-11-02 22:05:55', '1', 'no');
INSERT INTO `state_editor` VALUES ('162', '98', '298', '-Submited-', '2016-11-02 22:19:28', '1', 'no');
INSERT INTO `state_editor` VALUES ('164', '99', '304', '-Submited-', '2016-11-02 22:21:41', '1', 'no');
INSERT INTO `state_editor` VALUES ('180', '99', '304', '-Waiting Review-', '2016-11-04 23:04:25', '1', 'no');
INSERT INTO `state_editor` VALUES ('181', '99', '304', '-Under Review-', '2016-11-04 23:18:10', '1', 'no');
INSERT INTO `state_editor` VALUES ('186', '99', '304', '-IDLE FOR SUBMITION-', '2016-11-05 00:25:44', '1', 'no');
INSERT INTO `state_editor` VALUES ('187', '99', '316', 'Revision 2', '2016-11-05 00:28:24', '1', 'no');
INSERT INTO `state_editor` VALUES ('191', '99', '316', 'Accepted', '2016-11-05 01:03:46', '1', 'no');
INSERT INTO `state_editor` VALUES ('192', '98', '298', '-Waiting Review-', '2016-11-05 09:56:26', '1', 'no');
INSERT INTO `state_editor` VALUES ('193', '98', '298', '-Under Review-', '2016-11-05 10:03:26', '1', 'no');
INSERT INTO `state_editor` VALUES ('196', '98', '298', '-IDLE FOR SUBMITION-', '2016-11-05 10:19:37', '1', 'no');
INSERT INTO `state_editor` VALUES ('197', '98', '319', '-Revision 2-', '2016-11-05 10:26:09', '1', 'no');
INSERT INTO `state_editor` VALUES ('200', '98', '319', 'Accepted', '2016-11-05 10:57:27', '1', 'no');
INSERT INTO `state_editor` VALUES ('203', '102', '328', '-Submited-', '2016-11-05 22:22:58', '1', 'no');
INSERT INTO `state_editor` VALUES ('204', '102', '328', '-Waiting Review-', '2016-11-05 22:25:56', '1', 'no');
INSERT INTO `state_editor` VALUES ('205', '102', '328', '-Under Review-', '2016-11-05 22:32:24', '1', 'no');
INSERT INTO `state_editor` VALUES ('206', '102', '328', '-IDLE FOR SUBMITION-', '2016-11-05 22:33:44', '1', 'no');
INSERT INTO `state_editor` VALUES ('207', '102', '331', 'Revision 2', '2016-11-05 22:35:34', '1', 'no');
INSERT INTO `state_editor` VALUES ('208', '102', '331', 'Accepted', '2016-11-05 22:40:37', '1', 'no');
INSERT INTO `state_editor` VALUES ('210', '103', '337', 'Submited', '2016-11-06 10:57:37', '2', 'no');
INSERT INTO `state_editor` VALUES ('211', '103', '337', 'Waiting Review', '2016-11-06 11:03:43', '1', 'no');
INSERT INTO `state_editor` VALUES ('213', '104', '343', '-Submited-', '2016-11-06 15:23:25', '1', 'no');
INSERT INTO `state_editor` VALUES ('214', '104', '343', '-Waiting Review-', '2016-11-06 15:50:30', '1', 'no');
INSERT INTO `state_editor` VALUES ('215', '104', '343', '-Under Review-', '2016-11-06 17:02:22', '1', 'no');
INSERT INTO `state_editor` VALUES ('216', '104', '343', '-IDLE FOR SUBMITION-', '2016-11-06 17:26:41', '1', 'no');
INSERT INTO `state_editor` VALUES ('217', '104', '345', 'Revision 2', '2016-11-06 17:39:53', '1', 'no');
INSERT INTO `state_editor` VALUES ('225', '105', '375', 'Pre_Submited', '2016-11-07 10:45:05', '1', 'no');
INSERT INTO `state_editor` VALUES ('227', '101', '381', 'Pre_Submited', '2016-11-07 14:14:06', '2', 'no');
INSERT INTO `state_editor` VALUES ('228', '101', '381', 'Submited', '2016-11-07 14:17:46', '2', 'no');
INSERT INTO `state_editor` VALUES ('232', '106', '393', 'Pre_Submited', '2016-11-07 14:38:54', '2', 'no');
INSERT INTO `state_editor` VALUES ('233', '106', '393', 'Submited', '2016-11-07 14:39:01', '2', 'no');
INSERT INTO `state_editor` VALUES ('237', '107', '405', '-Submited-', '2016-11-07 16:10:39', '1', 'no');
INSERT INTO `state_editor` VALUES ('243', '107', '405', '-Under Review-', '2016-11-08 09:37:00', '1', 'no');
INSERT INTO `state_editor` VALUES ('244', '107', '405', '-IDLE FOR SUBMITION-', '2016-11-08 11:16:00', '1', 'no');
INSERT INTO `state_editor` VALUES ('245', '107', '418', 'Revision 1', '2016-11-08 15:29:45', '1', 'no');
INSERT INTO `state_editor` VALUES ('246', '107', '418', 'IDLE FOR SUBMITION II', '2016-11-08 17:47:41', '1', 'no');
INSERT INTO `state_editor` VALUES ('247', '108', '421', '-Draft Submited-', '2016-11-08 22:29:59', '1', 'no');
INSERT INTO `state_editor` VALUES ('248', '108', '421', '-Draft in review-', '2016-11-09 10:07:12', '1', 'no');
INSERT INTO `state_editor` VALUES ('251', '108', '421', '-Draft in Decision-', '2016-11-09 13:48:31', '1', 'no');
INSERT INTO `state_editor` VALUES ('261', '108', '421', '-R1 Submited-', '2016-11-09 16:14:37', '1', 'no');
INSERT INTO `state_editor` VALUES ('262', '108', '421', '-R1 in review-', '2016-11-09 17:24:39', '1', 'no');
INSERT INTO `state_editor` VALUES ('265', '108', '421', '-R1 in Decision-', '2016-11-09 18:46:58', '1', 'no');
INSERT INTO `state_editor` VALUES ('266', '108', '427', '-R2 Submited-', '2016-11-09 21:47:21', '1', 'no');
INSERT INTO `state_editor` VALUES ('268', '109', '429', 'Draft in review', '2016-11-10 11:02:14', '1', 'yes');
INSERT INTO `state_editor` VALUES ('271', '110', '432', '-Draft Submited-', '2016-11-10 11:10:14', '1', 'no');
INSERT INTO `state_editor` VALUES ('272', '110', '432', '-Draft in review-', '2016-11-10 11:12:07', '1', 'no');
INSERT INTO `state_editor` VALUES ('274', '110', '432', '-Draft in Decision-', '2016-11-10 11:20:16', '1', 'no');
INSERT INTO `state_editor` VALUES ('275', '110', '432', '-R1 Submited-', '2016-11-10 11:22:14', '1', 'no');
INSERT INTO `state_editor` VALUES ('276', '110', '432', '-R1 in review-', '2016-11-10 11:28:52', '1', 'no');
INSERT INTO `state_editor` VALUES ('279', '110', '432', '-R1 in Decision-', '2016-11-10 13:41:47', '1', 'no');
INSERT INTO `state_editor` VALUES ('280', '110', '435', '-R2 Submited-', '2016-11-10 14:11:47', '1', 'no');
INSERT INTO `state_editor` VALUES ('281', '110', '435', '-R2 in review-', '2016-11-10 14:30:19', '1', 'no');
INSERT INTO `state_editor` VALUES ('282', '110', '435', '-R2 in Decision-', '2016-11-10 14:47:50', '1', 'no');
INSERT INTO `state_editor` VALUES ('285', '110', '435', 'Refused', '2016-11-10 15:19:17', '1', 'yes');
INSERT INTO `state_editor` VALUES ('286', '120', '456', 'Pre_Submited', '2016-11-10 21:54:59', '1', 'no');
INSERT INTO `state_editor` VALUES ('287', '121', '458', 'Pre_Submited', '2016-11-10 21:56:51', '1', 'no');
INSERT INTO `state_editor` VALUES ('288', '123', '462', 'Draft Submited', '2016-11-12 00:22:56', '1', 'yes');
INSERT INTO `state_editor` VALUES ('289', '124', '464', 'Pre_Submited', '2016-11-12 13:12:50', '1', 'no');
INSERT INTO `state_editor` VALUES ('290', '125', '467', 'Pre_Submited', '2016-11-12 13:14:04', '1', 'no');
INSERT INTO `state_editor` VALUES ('291', '126', '470', 'Pre_Submited', '2016-11-12 13:16:19', '1', 'no');
INSERT INTO `state_editor` VALUES ('292', '127', '473', 'Pre_Submited', '2016-11-12 13:19:13', '1', 'no');
INSERT INTO `state_editor` VALUES ('293', '128', '476', 'Pre_Submited', '2016-11-12 14:43:41', '1', 'no');
INSERT INTO `state_editor` VALUES ('294', '129', '479', 'Pre_Submited', '2016-11-12 14:54:22', '1', 'no');
INSERT INTO `state_editor` VALUES ('295', '130', '482', 'Pre_Submited', '2016-11-12 14:57:07', '1', 'no');
INSERT INTO `state_editor` VALUES ('296', '131', '486', '-Draft Submited-', '2016-11-12 15:01:47', '1', 'no');
INSERT INTO `state_editor` VALUES ('297', '131', '486', '-Draft in review-', '2016-11-12 17:56:22', '1', 'no');
INSERT INTO `state_editor` VALUES ('298', '131', '486', '-Draft in Decision-', '2016-11-12 17:59:57', '1', 'no');
INSERT INTO `state_editor` VALUES ('299', '132', '490', 'Pre_Submited', '2016-11-12 20:28:52', '1', 'no');
INSERT INTO `state_editor` VALUES ('301', '133', '498', 'Pre_Submited', '2016-11-12 20:49:32', '1', 'no');
INSERT INTO `state_editor` VALUES ('302', '136', '514', 'Draft Submited', '2016-11-13 13:52:28', '1', 'yes');
INSERT INTO `state_editor` VALUES ('303', '139', '522', 'Pre_Submited', '2016-11-13 13:58:31', '1', 'no');
INSERT INTO `state_editor` VALUES ('304', '140', '526', '-Draft Submited-', '2016-11-13 14:26:01', '5', 'no');
INSERT INTO `state_editor` VALUES ('305', '141', '530', 'Draft Submited', '2016-11-13 14:27:28', '1', 'yes');
INSERT INTO `state_editor` VALUES ('307', '131', '506', 'R1 Submited', '2016-11-13 16:58:33', '1', 'no');
INSERT INTO `state_editor` VALUES ('309', '142', '541', '-Draft Submited-', '2016-11-14 23:00:26', '1', 'no');
INSERT INTO `state_editor` VALUES ('310', '142', '541', '-Draft in review-', '2016-11-14 23:04:18', '1', 'no');
INSERT INTO `state_editor` VALUES ('311', '142', '541', '-Draft in Decision-', '2016-11-14 23:05:08', '1', 'no');
INSERT INTO `state_editor` VALUES ('312', '142', '544', '-R1 Submited-', '2016-11-14 23:19:04', '1', 'no');
INSERT INTO `state_editor` VALUES ('313', '142', '544', '-R1 in review-', '2016-11-14 23:32:40', '1', 'no');
INSERT INTO `state_editor` VALUES ('314', '142', '544', '-R1 in Decision-', '2016-11-14 23:34:01', '1', 'no');
INSERT INTO `state_editor` VALUES ('315', '142', '547', '-R2 Submited-', '2016-11-14 23:37:27', '1', 'no');
INSERT INTO `state_editor` VALUES ('316', '142', '547', '-R2 in review-', '2016-11-14 23:43:41', '1', 'no');
INSERT INTO `state_editor` VALUES ('317', '142', '547', 'R2 in Decision', '2016-11-14 23:45:36', '1', 'no');
INSERT INTO `state_editor` VALUES ('319', '143', '554', '-Draft Submited-', '2016-11-15 17:51:09', '1', 'no');
INSERT INTO `state_editor` VALUES ('320', '143', '554', '-Draft in review-', '2016-11-15 18:01:48', '1', 'no');
INSERT INTO `state_editor` VALUES ('321', '143', '554', '-Draft in Decision-', '2016-11-15 19:12:56', '1', 'no');
INSERT INTO `state_editor` VALUES ('322', '143', '558', '-R1 Submited-', '2016-11-15 19:17:45', '1', 'no');
INSERT INTO `state_editor` VALUES ('323', '143', '558', '-R1 in review-', '2016-11-15 22:02:35', '1', 'no');
INSERT INTO `state_editor` VALUES ('324', '143', '558', '-R1 in Decision-', '2016-11-15 22:17:28', '1', 'no');
INSERT INTO `state_editor` VALUES ('325', '143', '566', '-R2 Submited-', '2016-11-15 22:37:49', '1', 'no');
INSERT INTO `state_editor` VALUES ('326', '143', '566', 'R2 in review', '2016-11-15 22:47:02', '1', 'no');
INSERT INTO `state_editor` VALUES ('327', '143', '566', 'R2 in Decision', '2016-11-15 22:48:11', '1', 'no');
INSERT INTO `state_editor` VALUES ('328', '108', '427', '-R2 in review-', '2016-11-16 09:49:58', '1', 'no');
INSERT INTO `state_editor` VALUES ('329', '108', '427', '-R2 in Decision-', '2016-11-16 09:50:58', '1', 'no');
INSERT INTO `state_editor` VALUES ('330', '144', '570', '-Draft Submited-', '2016-11-16 10:02:27', '1', 'no');
INSERT INTO `state_editor` VALUES ('331', '140', '526', 'Draft in review', '2016-11-16 10:05:44', '5', 'no');
INSERT INTO `state_editor` VALUES ('332', '144', '570', '-Draft in review-', '2016-11-16 10:11:43', '1', 'no');
INSERT INTO `state_editor` VALUES ('333', '144', '570', '-Draft in Decision-', '2016-11-16 10:12:56', '1', 'no');
INSERT INTO `state_editor` VALUES ('334', '144', '574', '-R1 Submited-', '2016-11-16 10:16:23', '1', 'no');
INSERT INTO `state_editor` VALUES ('335', '144', '574', '-R1 in review-', '2016-11-16 10:28:40', '1', 'no');
INSERT INTO `state_editor` VALUES ('336', '144', '574', '-R1 in Decision-', '2016-11-16 10:30:08', '1', 'no');
INSERT INTO `state_editor` VALUES ('337', '144', '578', '-R2 Submited-', '2016-11-16 10:33:01', '1', 'no');
INSERT INTO `state_editor` VALUES ('338', '144', '578', '-R2 in review-', '2016-11-16 10:35:28', '1', 'no');
INSERT INTO `state_editor` VALUES ('339', '144', '578', '-R2 in Decision-', '2016-11-16 10:37:39', '1', 'no');
INSERT INTO `state_editor` VALUES ('342', '144', '578', 'Accepted', '2016-11-16 10:43:58', '1', 'no');
INSERT INTO `state_editor` VALUES ('343', '145', '582', '-Draft Submited-', '2016-11-16 22:12:26', '1', 'no');
INSERT INTO `state_editor` VALUES ('344', '145', '582', '-Draft in review-', '2016-11-16 22:17:37', '1', 'no');
INSERT INTO `state_editor` VALUES ('345', '145', '582', '-Draft in Decision-', '2016-11-16 22:18:59', '1', 'no');
INSERT INTO `state_editor` VALUES ('346', '145', '586', 'R1 Submited', '2016-11-16 22:23:02', '1', 'no');
INSERT INTO `state_editor` VALUES ('347', '146', '590', 'Draft Submited', '2016-11-22 09:41:32', '1', 'yes');
INSERT INTO `state_editor` VALUES ('348', '103', '337', 'Draft in review', '2016-11-22 16:17:02', '0', 'no');
INSERT INTO `state_editor` VALUES ('349', '147', '594', '-Draft Submited-', '2016-11-23 09:37:16', '1', 'no');
INSERT INTO `state_editor` VALUES ('353', '147', '594', 'Refused', '2016-11-23 09:49:49', '1', 'no');
INSERT INTO `state_editor` VALUES ('354', '148', '598', '-Draft Submited-', '2016-11-23 10:23:58', '1', 'no');
INSERT INTO `state_editor` VALUES ('355', '148', '598', 'Draft in review', '2016-11-23 10:25:55', '1', 'no');
INSERT INTO `state_editor` VALUES ('356', '149', '602', '-Draft Submited-', '2016-11-24 14:06:06', '1', 'no');
INSERT INTO `state_editor` VALUES ('357', '149', '602', '-Draft in review-', '2016-11-24 14:07:07', '1', 'no');
INSERT INTO `state_editor` VALUES ('358', '149', '602', '-Draft in Decision-', '2016-11-24 14:10:20', '1', 'no');
INSERT INTO `state_editor` VALUES ('359', '149', '602', '-R1 Submited-', '2016-11-24 14:15:49', '1', 'no');
INSERT INTO `state_editor` VALUES ('360', '149', '602', '-R1 in review-', '2016-11-24 14:16:49', '1', 'no');
INSERT INTO `state_editor` VALUES ('361', '149', '602', '-R1 in Decision-', '2016-11-24 14:18:23', '1', 'no');
INSERT INTO `state_editor` VALUES ('362', '149', '606', '-R2 Submited-', '2016-11-24 14:22:01', '1', 'no');
INSERT INTO `state_editor` VALUES ('380', '149', '606', 'Accepted', '2016-11-24 15:03:58', '1', 'no');
INSERT INTO `state_editor` VALUES ('381', '150', '609', '-Draft Submited-', '2016-11-24 15:39:19', '1', 'no');
INSERT INTO `state_editor` VALUES ('382', '150', '609', '-Draft in review-', '2016-11-24 15:42:59', '1', 'no');
INSERT INTO `state_editor` VALUES ('383', '150', '609', 'Draft in Decision', '2016-11-24 15:46:15', '1', 'yes');
INSERT INTO `state_editor` VALUES ('384', '151', '613', '-Draft Submited-', '2016-11-28 11:49:21', '1', 'no');
INSERT INTO `state_editor` VALUES ('385', '151', '613', '-Draft in review-', '2016-11-28 11:51:07', '1', 'no');
INSERT INTO `state_editor` VALUES ('386', '151', '613', 'Draft in Decision', '2016-11-28 11:52:44', '1', 'yes');
INSERT INTO `state_editor` VALUES ('387', '152', '617', 'Pre_Submited', '2016-11-29 16:09:32', '1', 'no');
INSERT INTO `state_editor` VALUES ('388', '153', '621', 'Pre_Submited', '2016-11-30 10:22:09', '1', 'no');
INSERT INTO `state_editor` VALUES ('389', '154', '625', 'Pre_Submited', '2016-11-30 10:26:03', '1', 'no');
INSERT INTO `state_editor` VALUES ('390', '155', '629', 'Pre_Submited', '2016-11-30 10:26:49', '1', 'no');
INSERT INTO `state_editor` VALUES ('391', '156', '633', 'Pre_Submited', '2016-11-30 10:27:46', '1', 'no');
INSERT INTO `state_editor` VALUES ('392', '95', '637', 'Draft Submited', '2016-11-30 11:37:07', '2', 'no');
INSERT INTO `state_editor` VALUES ('393', '108', '427', 'Accepted', '2016-12-06 12:01:58', '1', 'no');
INSERT INTO `state_editor` VALUES ('394', '157', '641', '-Draft Submited-', '2016-12-13 10:22:46', '1', 'yes');
INSERT INTO `state_editor` VALUES ('395', '158', '645', 'Draft Submited', '2016-12-13 10:26:25', '1', 'no');
INSERT INTO `state_editor` VALUES ('396', '159', '649', 'Draft Submited', '2016-12-13 10:32:38', '1', 'yes');
INSERT INTO `state_editor` VALUES ('397', '160', '653', 'Draft Submited', '2016-12-13 10:59:30', '1', 'no');
INSERT INTO `state_editor` VALUES ('398', '157', '641', '-Draft in review-', '2016-12-14 10:19:56', '1', 'yes');
INSERT INTO `state_editor` VALUES ('399', '157', '641', 'Draft in Decision', '2016-12-14 10:41:19', '1', 'yes');

-- ----------------------------
-- Table structure for state_review
-- ----------------------------
DROP TABLE IF EXISTS `state_review`;
CREATE TABLE `state_review` (
  `id` int(11) NOT NULL AUTO_INCREMENT,
  `article` int(11) NOT NULL,
  `file` int(11) NOT NULL,
  `date_accepte` datetime DEFAULT NULL,
  `date_result` datetime DEFAULT NULL,
  `resultat` int(11) DEFAULT NULL,
  `reviewer` int(11) NOT NULL,
  `cle` varchar(255) COLLATE utf8_unicode_ci NOT NULL,
  `state` varchar(255) COLLATE utf8_unicode_ci DEFAULT NULL,
  `cle2` varchar(255) COLLATE utf8_unicode_ci NOT NULL,
  `date` datetime DEFAULT NULL,
  `type` varchar(255) COLLATE utf8_unicode_ci DEFAULT NULL,
  `date_reject` datetime DEFAULT NULL,
  `decision` int(11) DEFAULT NULL,
  PRIMARY KEY (`id`)
) ENGINE=InnoDB AUTO_INCREMENT=126 DEFAULT CHARSET=utf8 COLLATE=utf8_unicode_ci;

-- ----------------------------
-- Records of state_review
-- ----------------------------
INSERT INTO `state_review` VALUES ('1', '100', '310', '2016-11-03 21:36:45', null, null, '1', '8c02c4d29ffbf1c0f51cc7b359c075c2', 'Accepted', 'a8970b07c8b04cd613e6341144560789', '2016-11-03 20:19:53', 'review 1', null, null);
INSERT INTO `state_review` VALUES ('2', '100', '310', '2016-11-03 21:36:31', null, null, '1', '5a047626359d84fb3c9794963543f3c3', 'Accepted', '7717b03672c7c4ebb61c3d1aa2a53904', '2016-11-03 20:24:19', 'review 1', null, null);
INSERT INTO `state_review` VALUES ('3', '100', '310', '2016-11-03 21:37:07', '2016-11-03 21:37:37', '1', '1', '334512b5d1c02e4a39efba3b29744c72', 'Finished', '6717535c0a7c2e8040b17f8264206b90', '2016-11-03 20:25:56', 'review 1', null, null);
INSERT INTO `state_review` VALUES ('4', '100', '310', '2016-11-03 21:35:15', null, null, '1', '956d0a94c6a6cb71d58356f24ff53789', 'Accepted', 'b05d1a4f00107ce8eff5e0a10ce41d22', '2016-11-03 21:32:50', 'review 1', null, null);
INSERT INTO `state_review` VALUES ('6', '100', '310', '2016-11-03 21:44:31', null, null, '1', 'b5c7c71f4bd88675866a10252505fd8e', 'Accepted', 'dfdf2d195d1bdee34cd90c1f6634b52e', '2016-11-03 21:44:00', 'review 1', null, null);
INSERT INTO `state_review` VALUES ('7', '100', '313', '2016-11-03 22:28:03', null, null, '1', 'c13121a46cdc5566098c92e37c751808', 'Accepted', '4617bfecf7933413048c520789d20fd4', '2016-11-03 22:26:23', 'Review 2', null, null);
INSERT INTO `state_review` VALUES ('8', '100', '313', '2016-11-04 20:30:24', null, null, '1', 'bd996048b274aafcde6f36aa72b27acd', 'Accepted', 'd26b81c2441d050cd435f89b50bc8551', '2016-11-04 11:15:03', 'Review 2', null, null);
INSERT INTO `state_review` VALUES ('9', '100', '313', '2016-11-04 20:32:32', null, null, '1', '5c414ef0fa080ef9700f5f572640ec72', 'Accepted', '6a4f7a060830bfea49dd7060e0c975b8', '2016-11-04 20:32:15', 'review 1', null, null);
INSERT INTO `state_review` VALUES ('10', '100', '313', '2016-11-04 20:35:08', null, null, '1', 'eb437d90eef7a02a3b43614e4ab22270', 'Accepted', 'e6e27ad72bfe8a425fd149fe9d27662a', '2016-11-04 20:34:53', 'review 1', null, null);
INSERT INTO `state_review` VALUES ('11', '99', '304', '2016-11-04 23:14:36', null, null, '1', '8af1b1acfc3b3359e29cf0b296dda4e8', 'Accepted', '666d1a81b0adf0efe99b6c5e67d060c2', '2016-11-04 23:05:30', 'review 1', null, null);
INSERT INTO `state_review` VALUES ('12', '99', '304', '2016-11-04 23:18:07', null, null, '1', '1bb702dfcbb052987236308d725547fb', 'Accepted', '7925d8299527389689e9f1c69ca933c3', '2016-11-04 23:17:53', 'review 1', null, null);
INSERT INTO `state_review` VALUES ('17', '99', '316', '2016-11-05 00:58:48', null, null, '1', '90891aef0791ad196ee3914ffe6a138e', 'Accepted', '07da41367e2abaa12d501e102ecd7ee7', '2016-11-05 00:58:29', 'Review 2', null, null);
INSERT INTO `state_review` VALUES ('18', '99', '316', '2016-11-05 00:59:03', '2016-11-05 01:00:21', '2', '1', '5c1cfe727f460f09e426bd694a32b867', 'Finished', 'db9c9090e61aee000e7fbac57b2d33a0', '2016-11-05 00:58:39', 'Review 2', null, null);
INSERT INTO `state_review` VALUES ('19', '98', '298', '2016-11-05 10:02:19', '2016-11-05 10:02:45', '3', '1', '1e9692bb7185876fb5608ae1a71e4ae4', 'Finished', 'e456c7ba4c2d26bef2bf1b8d0ab461f8', '2016-11-05 09:59:34', 'review 1', null, null);
INSERT INTO `state_review` VALUES ('20', '98', '298', '2016-11-05 10:03:24', '2016-11-05 10:03:41', '4', '1', '8e7f6095da52ecac20a20161e6eab08c', 'Finished', '5772d85ec1a3ceeb585156c1316703b5', '2016-11-05 10:01:55', 'review 1', null, null);
INSERT INTO `state_review` VALUES ('21', '98', '319', null, null, null, '1', '5815c34ce9f25be1897c7ec5338240d6', null, 'd0ebf8ec16ad8755130e77ffaf8700b2', '2016-11-05 10:26:47', 'Review 2', null, null);
INSERT INTO `state_review` VALUES ('22', '98', '319', null, null, null, '1', '1ddef75a8b382a7e965dbe879f1be7fc', null, '3c68adb86ebeb907b258a05f801bc2e1', '2016-11-05 10:27:11', 'Review 2', null, null);
INSERT INTO `state_review` VALUES ('23', '102', '328', '2016-11-05 22:28:48', '2016-11-05 22:30:44', '5', '1', '678c199173268341b79e01179ba975cb', 'Finished', 'd77c4914e4ff8db5a2d19f54fb8b2103', '2016-11-05 22:26:40', 'review 1', null, null);
INSERT INTO `state_review` VALUES ('25', '102', '328', '2016-11-05 22:32:22', null, null, '1', '9f21af55ec36de931a80a296db2fca90', 'Accepted', '4629e1e5c2323401d5015eb25b13ecf4', '2016-11-05 22:31:49', 'review 1', null, null);
INSERT INTO `state_review` VALUES ('26', '102', '331', null, null, null, '1', '72927dc42c30125d6ecaa1bf775dcd14', null, 'af5cba518978857ca8022ff831c7c08b', '2016-11-05 22:36:58', 'Review 2', null, null);
INSERT INTO `state_review` VALUES ('27', '102', '331', null, null, null, '1', '306e69f92cdc1c40654ea2d111b54634', null, '12696decab9654fd7c7553df37dc6f79', '2016-11-05 22:37:58', 'Review 2', null, null);
INSERT INTO `state_review` VALUES ('28', '102', '331', null, null, null, '1', '3697bfe9ce49df6bb6d4ae4e41168700', null, '3ea1d91c8c891a9634bc7f4094f9498d', '2016-11-05 22:53:48', 'Review 2', null, null);
INSERT INTO `state_review` VALUES ('29', '102', '331', null, null, null, '1', 'c6ae0ee785ca11e015bb3fc19955b784', null, 'df747f348e88b7e221d8d7d0cbb5b8c4', '2016-11-05 22:55:10', 'Review 2', null, null);
INSERT INTO `state_review` VALUES ('30', '102', '331', null, null, null, '1', 'f7781b283d5f4f5e5a0e5e0cfe839cf3', null, '01df132d2cab47f5f03608b7cd3fc4b3', '2016-11-05 22:57:44', 'Review 2', null, null);
INSERT INTO `state_review` VALUES ('31', '102', '331', '2016-11-05 23:43:17', null, null, '1', '7a4ed142ad006659fbcd604772c192d6', 'Accepted', '1fac8558aff102711a918a60260687a3', '2016-11-05 23:38:35', 'Review 2', null, null);
INSERT INTO `state_review` VALUES ('32', '102', '331', null, null, null, '1', '6fe30ac9274d476555c38c076c975200', null, 'b8f6c87168f4601611169fc39a3fa93a', '2016-11-05 23:40:21', 'Review 2', null, null);
INSERT INTO `state_review` VALUES ('33', '102', '331', null, null, null, '1', '06762b04273f8dcc257c74be6cd94918', null, '994f14401a464ae480aad90fdecbdd3c', '2016-11-05 23:45:00', 'Review 2', null, null);
INSERT INTO `state_review` VALUES ('34', '102', '331', null, null, null, '1', 'e629d01f0978e430e83953eed935dcfb', null, '49ca2ce8ba6a0b2ce3cfed51a34c2168', '2016-11-05 23:47:08', 'Review 2', null, null);
INSERT INTO `state_review` VALUES ('36', '102', '331', '2016-11-05 23:51:55', null, null, '1', '4656c7cdfef62f8437666f29eff4f42c', 'Accepted', 'ff85836a410b1e6003d6f80903954071', '2016-11-05 23:50:09', 'Review 2', null, null);
INSERT INTO `state_review` VALUES ('42', '102', '331', '2016-11-06 00:12:20', '2016-11-06 00:20:54', '7', '1', '962b89d742faf8971d92ce35ccd3340c', 'Finished', 'baf2ee2a60724ef2cd23f0772a73972f', '2016-11-06 00:11:35', 'Review 2', null, null);
INSERT INTO `state_review` VALUES ('43', '102', '331', '2016-11-06 13:20:37', null, null, '1', 'f1d688488cc104beb145f211ebe8801d', 'Accepted', '3f2fba090df424ea10f40c491c5b265d', '2016-11-06 13:19:55', 'Review 2', null, null);
INSERT INTO `state_review` VALUES ('44', '102', '331', null, null, null, '1', 'bf58a6994e5a463a4fcec92b86802386', null, '8f4cd21d3e5ceab7f8e3fe9608990b61', '2016-11-06 13:31:28', 'Review 2', null, null);
INSERT INTO `state_review` VALUES ('45', '102', '331', null, null, null, '1', '21b982807e43ee5b9a4ab3452a8fcc11', 'Refused', 'd4dc0c1a1034bea9075e3d7d0d68ec6f', '2016-11-06 14:31:43', 'Review 2', null, null);
INSERT INTO `state_review` VALUES ('46', '103', '337', '2016-11-22 16:17:01', null, null, '1', 'd90c19189c78b1a7f6bc67d226097339', 'Accepted', '8e1f2545b3bb3a57642182fb9ba5d31b', '2016-11-06 14:34:40', 'review 1', null, null);
INSERT INTO `state_review` VALUES ('49', '104', '343', '2016-11-06 16:05:44', '2016-11-06 17:00:29', '9', '1', '7c993878347fad10b53c159138d52a07', 'Finished', 'f44c99f6c7350c275e3651ff0fc8ca34', '2016-11-06 16:02:19', 'review 1', null, null);
INSERT INTO `state_review` VALUES ('50', '104', '343', '2016-11-06 17:02:19', null, null, '1', 'ba7eb9d380b681c06577626f792c17d7', 'Accepted', 'c0d58b37f582a8b61f60939c758894af', '2016-11-06 17:01:43', 'review 1', null, null);
INSERT INTO `state_review` VALUES ('51', '107', '405', '2016-11-08 10:16:08', '2016-11-08 10:16:47', '10', '1', 'b336de6fc1f056707c880c1d023f2830', 'Finished', '902eaa95132a8ee6dc9aa1dd42211dc6', '2016-11-08 09:52:48', 'review 1', null, null);
INSERT INTO `state_review` VALUES ('52', '107', '405', '2016-11-08 10:19:52', '2016-11-08 10:20:29', '11', '1', 'e2a72c86fef2e85b557f37ef93679c90', 'Finished', 'a8c6a76c0d3321f90a693af3560c4c8a', '2016-11-08 10:17:43', 'review 1', null, null);
INSERT INTO `state_review` VALUES ('53', '107', '418', '2016-11-08 15:33:55', '2016-11-08 15:34:18', '12', '1', '6ad14395907ad8e7231b866bb905a508', 'Finished', 'bb82cb3dffeb044d4c49eb980b67067c', '2016-11-08 15:33:10', 'Review 2', null, null);
INSERT INTO `state_review` VALUES ('54', '107', '418', '2016-11-08 17:28:43', '2016-11-08 17:29:30', '13', '1', '2f6b166b8c27f0892a323b0ab5e0329f', 'Finished', '41b3660ed95c5c4f6715e4f320bf7e8d', '2016-11-08 17:00:04', 'Review 2', null, null);
INSERT INTO `state_review` VALUES ('55', '107', '418', null, null, null, '1', 'b016e48004c906b2221ded3bffc3abb9', null, 'ce4b0b6ab5a1db691150e4826faa2487', '2016-11-08 19:29:45', 'Review 2', null, null);
INSERT INTO `state_review` VALUES ('56', '108', '421', '2016-11-09 10:12:18', '2016-11-09 10:42:00', '14', '1', '6db42878c2b070ec8bc6832571b80824', 'Finished', 'b635cfd57acd5be1b95f8b1c40eeee86', '2016-11-09 09:41:53', 'review 1', null, null);
INSERT INTO `state_review` VALUES ('61', '108', '421', '2016-11-09 13:48:05', '2016-11-09 13:48:26', '16', '1', '390644ec4c6b35405193ed4f3ac32a3a', 'Finished', '14d2b2db7801d2b5def1f3ff010988f5', '2016-11-09 11:41:01', 'review 1', null, null);
INSERT INTO `state_review` VALUES ('62', '108', '421', '2016-11-09 13:42:24', '2016-11-09 13:47:01', '15', '1', '63d435befb5d6786c82c2ae6ed0f8586', 'Finished', '8873c6e9f368de9a3d4871039f34be3c', '2016-11-09 11:42:37', 'review 1', null, null);
INSERT INTO `state_review` VALUES ('63', '108', '421', '2016-11-09 17:24:35', '2016-11-09 18:36:54', '17', '1', '07381676ebd5b063a803e6c8512be2ce', 'Finished', 'c2fecd390deb26a7e65e9d74bd3f4013', '2016-11-09 17:15:14', 'review 2', null, null);
INSERT INTO `state_review` VALUES ('64', '108', '421', '2016-11-09 18:39:28', '2016-11-09 18:39:46', '18', '1', 'd49beb71012ebfc9d902c0256bb23b1d', 'Finished', 'c3ad3f836a1356af4a29e56470f5843c', '2016-11-09 17:16:49', 'review 2', null, null);
INSERT INTO `state_review` VALUES ('68', '108', '421', '2016-11-09 18:46:01', '2016-11-09 18:46:56', '19', '1', '4b97e5fd86fd25a2723e4f1340dd44eb', 'Finished', 'ce9edb6652a5d6d19876f6db9767bbb7', '2016-11-09 18:45:46', 'review 2', null, null);
INSERT INTO `state_review` VALUES ('69', '109', '429', '2016-11-10 11:02:04', '2016-11-10 11:02:41', '20', '1', '554f25b84dd507a8d96acb645f448d24', 'Finished', 'c9dd6fb4c66a57df3bc311ba84f84eea', '2016-11-10 10:43:51', 'review 1', null, null);
INSERT INTO `state_review` VALUES ('70', '109', '429', '2016-11-10 11:03:10', '2016-11-10 11:03:34', '21', '1', 'e19f488c3201b9974ac5ce0fecbc8ae3', 'Finished', 'dcd436185f92fd66488a4435df7ec03f', '2016-11-10 10:44:18', 'review 1', null, null);
INSERT INTO `state_review` VALUES ('71', '109', '429', null, null, null, '1', '6e7041c885e94b1f9fea4ee0d002060a', null, 'eec81c381d97eb2a3a22d3ae1a422e0b', '2016-11-10 11:06:12', 'review 1', null, null);
INSERT INTO `state_review` VALUES ('72', '110', '432', '2016-11-10 11:11:56', '2016-11-10 11:12:31', '22', '1', '574cc6f78080c30c6571eb105d4fd7db', 'Finished', '591c00ef383fe4476331c44ff4dff56c', '2016-11-10 11:10:43', 'review 1', null, null);
INSERT INTO `state_review` VALUES ('73', '110', '432', '2016-11-10 11:18:59', '2016-11-10 11:20:05', '23', '1', 'a56cb1c87f905cad1d4105ae43283c15', 'Finished', 'a277b03ead0a0c1abf16ed18b1766a64', '2016-11-10 11:11:28', 'review 1', null, null);
INSERT INTO `state_review` VALUES ('74', '110', '432', '2016-11-10 11:28:43', '2016-11-10 11:29:38', '24', '1', '6edaa857f66ab6ae7cd9d094e48ae31b', 'Finished', '20d7f0fd427fb699ea2dbb2106fb409a', '2016-11-10 11:27:42', 'review 2', null, null);
INSERT INTO `state_review` VALUES ('75', '110', '432', '2016-11-10 13:10:33', '2016-11-10 13:11:19', '25', '1', '2ba57cbd35274fe80bd6f95bd182e211', 'Finished', '2ca23ed91da20d79eecc4cd53aeda594', '2016-11-10 11:28:10', 'review 2', null, null);
INSERT INTO `state_review` VALUES ('76', '110', '432', '2016-11-10 13:40:11', '2016-11-10 13:41:42', '27', '1', '067560d286a38ebb25792637223491b9', 'Finished', 'e602d0ee817c0a8d1634c272ddb34f20', '2016-11-10 13:09:53', 'review 2', null, null);
INSERT INTO `state_review` VALUES ('77', '110', '432', '2016-11-10 13:38:10', '2016-11-10 13:39:31', '26', '1', '6128490ee0e239b73aa7cd1291ab7b2c', 'Finished', 'b2919aeb0c21d8b33568e875aa6b2aaa', '2016-11-10 13:37:38', 'review 2', null, null);
INSERT INTO `state_review` VALUES ('78', '110', '435', '2016-11-10 14:30:03', '2016-11-10 14:30:36', '28', '1', '891ca4c8e3ac650e03af28d92e8010a7', 'Finished', '64e44c756f426725c4efcf134be92cd6', '2016-11-10 14:15:03', 'review 3', null, null);
INSERT INTO `state_review` VALUES ('79', '110', '435', '2016-11-10 14:47:13', '2016-11-10 14:47:40', '30', '1', '749ebcd1da3560db18da556eceb9bb8b', 'Finished', '5ed4bf2c4d1da1f4fad4181e84280172', '2016-11-10 14:26:11', 'review 3', null, null);
INSERT INTO `state_review` VALUES ('80', '110', '435', '2016-11-10 14:45:32', '2016-11-10 14:45:57', '29', '1', '66e6af091b76e7bc35c1c525d68d4e9f', 'Finished', '8bd44a2aac8866bc2a613889603dc6a7', '2016-11-10 14:44:13', 'review 3', null, null);
INSERT INTO `state_review` VALUES ('81', '131', '486', '2016-11-12 17:56:19', '2016-11-12 17:56:54', '31', '1', 'dc6ca7387f2f43f049745d8a1aafad4a', 'Finished', 'd4f092784be6795c2866bb6aba1da875', '2016-11-12 17:41:46', 'review 1', null, null);
INSERT INTO `state_review` VALUES ('82', '131', '486', '2016-11-22 14:16:58', null, null, '1', '77c010591169f5852f0a2f909c941301', 'Accepted', '996dc8a6a7683dabfe5bc72bbc8927fa', '2016-11-12 17:42:00', 'review 1', null, null);
INSERT INTO `state_review` VALUES ('83', '131', '486', '2016-11-12 17:59:24', '2016-11-12 17:59:55', '32', '1', 'b4f2cd9b554730c6d8e8231e9a358496', 'Finished', '52797953638cba21a4da39ee8f600ea8', '2016-11-12 17:57:36', 'review 1', null, null);
INSERT INTO `state_review` VALUES ('84', '140', '526', '2016-11-16 10:05:22', null, null, '2', '8fb58962956daf1bdb0a715895972e3c', 'Accepted', 'ff704462c3a3b28ab25c5762d72ad0a2', '2016-11-13 18:44:49', 'review 1', null, null);
INSERT INTO `state_review` VALUES ('85', '142', '541', '2016-11-14 23:04:00', '2016-11-14 23:04:53', '33', '1', '9f2dbcb50d6ae73af1e6ceefb612fb89', 'Finished', 'cac1b88aa9fc01364539d9d0d684d24e', '2016-11-14 23:01:46', 'review 1', null, null);
INSERT INTO `state_review` VALUES ('86', '142', '544', '2016-11-14 23:32:34', '2016-11-14 23:33:39', '34', '1', '883fb4c437da7b7337a32a4f34834052', 'Finished', '5078841c01e3d8e23791b4c1d547afe1', '2016-11-14 23:31:55', 'review 2', null, null);
INSERT INTO `state_review` VALUES ('87', '142', '547', '2016-11-14 23:43:36', '2016-11-14 23:45:24', '35', '1', 'de07e5f12b3440dee8b5cd58806807a9', 'Finished', 'fb5d60c194e585b89015d757d335521b', '2016-11-14 23:43:07', 'review 3', null, null);
INSERT INTO `state_review` VALUES ('88', '143', '554', '2016-11-15 18:01:45', '2016-11-15 18:07:05', '36', '1', '18bd3d265e02106ad976e163ad9f0517', 'Finished', 'af242a46f6bba83594712bdf92874462', '2016-11-15 17:54:45', 'review 1', null, null);
INSERT INTO `state_review` VALUES ('89', '143', '554', '2016-11-15 19:12:34', '2016-11-15 19:12:52', '37', '1', 'ff26c8b24bc805b9d608309f44ff4444', 'Finished', '8e6366349c227e2d40f4074dd5e351d6', '2016-11-15 17:56:39', 'review 1', null, null);
INSERT INTO `state_review` VALUES ('90', '143', '558', '2016-11-15 22:02:32', '2016-11-15 22:02:53', '38', '1', '39bc0eb2808105592e32de1171084109', 'Finished', '9e9ca2f95909f1179ab8c8b93cea07b3', '2016-11-15 21:56:52', 'review 2', null, null);
INSERT INTO `state_review` VALUES ('91', '143', '558', '2016-11-15 22:16:52', '2016-11-15 22:17:26', '39', '1', '0e56344d6d561665cc1898d4f43bdd0f', 'Finished', 'bd231c89b3d2764bef1ea472c0e4d277', '2016-11-15 21:59:03', 'review 2', null, null);
INSERT INTO `state_review` VALUES ('92', '143', '566', '2016-11-15 22:47:00', '2016-11-15 22:48:09', '40', '1', 'ff4493c3982285a772baa4028a5b0e63', 'Finished', '8561e1a394e70fa8de4a1ff04fb775ed', '2016-11-15 22:46:33', 'review 3', null, null);
INSERT INTO `state_review` VALUES ('93', '108', '427', '2016-11-16 09:49:33', '2016-11-16 09:50:43', '41', '1', 'ed6ff059c8c2e0cf219ab9d52bff37b7', 'Finished', '28ecfe04215f3a74bdc410acca453a69', '2016-11-16 09:48:19', 'review 3', null, '88');
INSERT INTO `state_review` VALUES ('97', '144', '570', '2016-11-16 10:11:43', '2016-11-16 10:12:34', '43', '1', '328729fba68789ad024d63295c2a8e83', 'Finished', 'd77630c37970451024b24cf50a4fa12d', '2016-11-16 10:10:37', 'review 1', null, null);
INSERT INTO `state_review` VALUES ('99', '144', '574', '2016-11-16 10:28:29', '2016-11-16 10:29:43', '44', '1', 'abb311cbefdb59e1ac55dee38382244c', 'Finished', '80f6780e6e5cec2e273fa17f8353e858', '2016-11-16 10:27:27', 'review 2', null, null);
INSERT INTO `state_review` VALUES ('100', '144', '578', '2016-11-16 10:35:03', '2016-11-16 10:37:27', '46', '1', '4f3b3d7a913e430190ed01a6b90b9682', 'Finished', '5c223cf0810433dc6cdf4efab8a69ec2', '2016-11-16 10:33:56', 'review 3', null, null);
INSERT INTO `state_review` VALUES ('101', '145', '582', '2016-11-16 22:17:37', '2016-11-16 22:18:57', '47', '1', '95dc2cb29fac9e6c4e04a789401297b2', 'Finished', '1f82a3903151ef9f9bda8383307683da', '2016-11-16 22:16:25', 'review 1', null, null);
INSERT INTO `state_review` VALUES ('102', '145', '586', null, null, null, '1', '80b992087faa63a04a646aa48079297c', null, 'fb8d67d17efe281f96be9de79eed7285', '2016-11-16 22:25:48', 'review 2', null, null);
INSERT INTO `state_review` VALUES ('106', '148', '598', '2016-11-23 10:25:55', '2016-11-27 10:55:54', '55', '1', 'd31163142d408ae6ae45fff44ce3818c', 'Finished', '7c4cfa10d918e5af44e732d8e58b1a26', '2016-11-23 10:25:36', 'review 1', null, null);
INSERT INTO `state_review` VALUES ('107', '148', '598', null, null, null, '2', '1061d503867aa76e179c8cdc29cd032d', null, '7d93120018416d06d8874765c565221e', '2016-11-24 14:04:16', 'review 1', null, null);
INSERT INTO `state_review` VALUES ('108', '149', '602', '2016-11-24 14:07:07', '2016-11-24 14:08:08', '48', '1', 'd9ebd5dd67d8c77e6cd97666c0b7ca6a', 'Finished', '6572c4eb87d39468d53d62d99dfbec42', '2016-11-24 14:06:50', 'review 1', null, null);
INSERT INTO `state_review` VALUES ('109', '149', '602', '2016-11-24 14:09:11', '2016-11-24 14:09:28', '49', '1', 'e4dbc531819f9953c308da9c8f8db8c7', 'Finished', '5239b6915749deef0aa3b206939c1bf1', '2016-11-24 14:07:19', 'review 1', null, null);
INSERT INTO `state_review` VALUES ('110', '149', '602', '2016-11-24 14:10:02', '2016-11-24 14:10:17', '50', '1', 'd813cc9864bfbf2081379602f2fc4925', 'Finished', '3c8b450da03d6ae5b212a4c3a67db2ab', '2016-11-24 14:08:43', 'review 1', null, null);
INSERT INTO `state_review` VALUES ('111', '149', '602', '2016-11-24 14:16:46', '2016-11-24 14:17:09', '51', '1', '9efa2400ef55d768017f5b1565e7fbeb', 'Finished', 'c779813488f2748249961f06e34113fe', '2016-11-24 14:16:06', 'review 2', null, null);
INSERT INTO `state_review` VALUES ('112', '149', '602', '2016-11-24 14:17:35', '2016-11-24 14:18:20', '52', '1', '1614e36b1b723401118bce30d393f096', 'Finished', 'b74b1eb945cb6e3bc81e5afde8564349', '2016-11-24 14:16:21', 'review 2', null, '86');
INSERT INTO `state_review` VALUES ('113', '150', '609', '2016-11-24 15:42:59', '2016-11-24 15:44:16', '53', '2', '94890f946bc8b20624514e6ebfb04242', 'Finished', 'cc9b845aeceaf5564006fc50aecb7975', '2016-11-24 15:42:39', 'review 1', null, '86');
INSERT INTO `state_review` VALUES ('114', '150', '609', '2016-11-24 15:45:08', '2016-11-24 15:46:12', '54', '2', 'aeded1f42b4fccd57e50305c1a725bf0', 'Finished', 'cc87e2b158d63a8622690d3e23a7c8f7', '2016-11-24 15:43:41', 'review 1', null, '86');
INSERT INTO `state_review` VALUES ('115', '151', '613', '2016-11-28 11:51:06', '2016-11-28 11:51:42', '56', '1', '0209b049b461d1efb5872127b75fcd9a', 'Finished', '7d10d339954faf4dfd08a5e9e6796b67', '2016-11-28 11:50:11', 'review 1', null, '86');
INSERT INTO `state_review` VALUES ('116', '151', '613', '2016-11-28 11:52:22', '2016-11-28 11:52:40', '57', '1', '69df0c2ceceef0c0a32c5d9ab9be5f97', 'Finished', '227aaf2e35d0cae545c6d304d4b1ca80', '2016-11-28 11:50:22', 'review 1', null, '86');
INSERT INTO `state_review` VALUES ('117', '146', '590', null, null, null, '1', 'a543ec8ed722000f75c21db825ae3c14', 'Refused', '7150e19c635318d8c1c1f888c17e4844', '2016-11-29 09:54:47', 'review 1', '2016-11-29 10:52:06', null);
INSERT INTO `state_review` VALUES ('118', '146', '590', null, null, null, '1', 'cfac6cc22da0c16a05de50777cb31f3a', null, '5f9dcf75b7398fb3f657c0e0e13146e5', '2016-11-29 10:59:11', 'review 1', null, null);
INSERT INTO `state_review` VALUES ('119', '145', '586', null, null, null, '1', '3c9c1d0b5beb47f9ff3599bcbe331140', null, '942f8053be9d995fcf214f6ca1dbee57', '2016-12-01 10:42:27', 'review 2', null, null);
INSERT INTO `state_review` VALUES ('120', '123', '462', null, null, null, '1', 'ebc25861d0be11e043c6f8b263566d49', null, '23873afcf169bce4c83dc3bbf735a6a3', '2016-12-01 13:37:02', 'review 1', null, null);
INSERT INTO `state_review` VALUES ('121', '109', '429', null, null, null, '1', '657d2dd47367aafadc939a6fb45c27f4', null, '77115e8e7d14e0cdab8eb90228198ab8', '2016-12-01 13:37:56', 'review 1', null, null);
INSERT INTO `state_review` VALUES ('122', '109', '429', null, null, null, '1', 'a322008c3861997a325c9f8fc1a600ab', null, '97319e3f14da9cefe3eb94882e79676a', '2016-12-01 13:38:19', 'review 1', null, null);
INSERT INTO `state_review` VALUES ('123', '109', '429', null, null, null, '1', 'a272558f5aa1c9df9b26974a18c9ca92', null, 'd4b22d04381c00ec1e01445f6d1d67b0', '2016-12-01 13:39:19', 'review 1', null, null);
INSERT INTO `state_review` VALUES ('124', '123', '462', null, null, null, '1', '90ab79605402d29e40dc813b3f09e073', null, '923522d978e421e55e239cc31143b495', '2016-12-01 13:53:23', 'review 1', null, null);
INSERT INTO `state_review` VALUES ('125', '157', '641', '2016-12-14 10:19:56', '2016-12-14 10:41:08', '59', '1', '6500cbfade2a468eae8e73ef2297202c', 'Finished', '704bd6de7c966d4b4f72dc87b0fc1c3b', '2016-12-14 10:18:44', 'review 1', null, '89');

-- ----------------------------
-- Table structure for sug_rev
-- ----------------------------
DROP TABLE IF EXISTS `sug_rev`;
CREATE TABLE `sug_rev` (
  `id` int(11) NOT NULL AUTO_INCREMENT,
  `fname` varchar(255) NOT NULL,
  `lname` varchar(255) NOT NULL,
  `mname` varchar(255) NOT NULL,
  `email` varchar(255) NOT NULL,
  `article` int(255) DEFAULT NULL,
  PRIMARY KEY (`id`)
) ENGINE=InnoDB AUTO_INCREMENT=583 DEFAULT CHARSET=latin1;

-- ----------------------------
-- Records of sug_rev
-- ----------------------------
INSERT INTO `sug_rev` VALUES ('262', ' abbaci', ' mounri', ' mounir', 'mounir@gmail.com', '92');
INSERT INTO `sug_rev` VALUES ('263', ' touati', ' saad', ' saad', 'mounir@gmail.com', '92');
INSERT INTO `sug_rev` VALUES ('264', ' bareche', ' nadji', ' mohamed', 'n.bareche@csc.dz', '92');
INSERT INTO `sug_rev` VALUES ('265', '', '', '', '', '93');
INSERT INTO `sug_rev` VALUES ('266', '', '', '', '', '93');
INSERT INTO `sug_rev` VALUES ('267', '', '', '', '', '93');
INSERT INTO `sug_rev` VALUES ('268', '', '', '', '', '94');
INSERT INTO `sug_rev` VALUES ('269', '', '', '', '', '94');
INSERT INTO `sug_rev` VALUES ('270', '', '', '', '', '94');
INSERT INTO `sug_rev` VALUES ('274', '', '', '', '', '96');
INSERT INTO `sug_rev` VALUES ('275', '', '', '', '', '96');
INSERT INTO `sug_rev` VALUES ('276', '', '', '', '', '96');
INSERT INTO `sug_rev` VALUES ('277', '', '', '', '', '97');
INSERT INTO `sug_rev` VALUES ('278', '', '', '', '', '97');
INSERT INTO `sug_rev` VALUES ('279', '', '', '', '', '97');
INSERT INTO `sug_rev` VALUES ('298', '  ', '  ', '  ', '', '100');
INSERT INTO `sug_rev` VALUES ('299', '  ', '  ', '  ', '', '100');
INSERT INTO `sug_rev` VALUES ('300', '  ', '  ', '  ', '', '100');
INSERT INTO `sug_rev` VALUES ('301', '  ', '  ', '  ', '', '99');
INSERT INTO `sug_rev` VALUES ('302', '  ', '  ', '  ', '', '99');
INSERT INTO `sug_rev` VALUES ('303', '  ', '  ', '  ', '', '99');
INSERT INTO `sug_rev` VALUES ('304', '  ', '  ', '  ', '', '98');
INSERT INTO `sug_rev` VALUES ('305', '  ', '  ', '  ', '', '98');
INSERT INTO `sug_rev` VALUES ('306', '  ', '  ', '  ', '', '98');
INSERT INTO `sug_rev` VALUES ('316', '  vkmjfkmjsmjfk', '  dpookskdlmskd', '  ds^kùdsdùmls', 'dl;slds', '102');
INSERT INTO `sug_rev` VALUES ('317', '  ljkmù*', '  jlkm', '  jkklm', 'uiokdmaekdkéeù', '102');
INSERT INTO `sug_rev` VALUES ('318', '  kkkkkkkk', '  klkkkkk', '  kkkkkk', 'kkkkkkk', '102');
INSERT INTO `sug_rev` VALUES ('322', ' QFSSS', ' S', ' S', 'DDD@GGGG.FR', '103');
INSERT INTO `sug_rev` VALUES ('323', ' DSS', ' DD', ' DDD', 'DD@DD.FR', '103');
INSERT INTO `sug_rev` VALUES ('324', ' QDDDDD', ' DSDZ', ' DSD', 'SDD@DDD.FE', '103');
INSERT INTO `sug_rev` VALUES ('331', '  jnk,l;m', '  jnk,l;m', '  nk,l;ml', 'hjio', '104');
INSERT INTO `sug_rev` VALUES ('332', '  jlnk,l', '  bnj,k', '  jnk,l;', 'hbjnlk', '104');
INSERT INTO `sug_rev` VALUES ('333', '  uio', '  uiop', '  yuio', 'uiop', '104');
INSERT INTO `sug_rev` VALUES ('361', '         azeerttt', '         azerty', '         azert', 'azerty', '105');
INSERT INTO `sug_rev` VALUES ('362', '         azerty', '         azerty', '         azerty', 'azerty', '105');
INSERT INTO `sug_rev` VALUES ('363', '         azerty', '         azerty', '         azerty', 'azerty', '105');
INSERT INTO `sug_rev` VALUES ('367', '  dffd', '  dfd', '  fdf', 'fdf', '101');
INSERT INTO `sug_rev` VALUES ('368', '  ', '  ', '  ', '', '101');
INSERT INTO `sug_rev` VALUES ('369', '  ', '  ', '  ', '', '101');
INSERT INTO `sug_rev` VALUES ('379', '   ssss', '   sssss', '   sss', 'sssssssssssss', '106');
INSERT INTO `sug_rev` VALUES ('380', '   ssss', '   ssss', '   ssss', '', '106');
INSERT INTO `sug_rev` VALUES ('381', '   sss', '   sss', '   sss', 'ssss', '106');
INSERT INTO `sug_rev` VALUES ('406', '        fdsfsd', '        dfsfsd', '        fdsf', 'fdsf', '107');
INSERT INTO `sug_rev` VALUES ('407', '        fdsfdsf', '        fdsfds', '        fsdfds', 'fdsfsd', '107');
INSERT INTO `sug_rev` VALUES ('408', '        fdsf', '        sdfsd', '        dsfdsf', 'fdsfds', '107');
INSERT INTO `sug_rev` VALUES ('415', '  fqsdf', '  sqfsq', '  fsqf', 'fqs', '108');
INSERT INTO `sug_rev` VALUES ('416', '  fqsf', '  fsqf', '  sqfqs', 'sqfqsf', '108');
INSERT INTO `sug_rev` VALUES ('417', '  fsqf', '  qsfqs', '  fsqf', 'fsqfqsf', '108');
INSERT INTO `sug_rev` VALUES ('418', 'ahmed', 'ahmed', 'ahmed', 'ahmed', '109');
INSERT INTO `sug_rev` VALUES ('419', 'ahmed', 'ahmed', 'ahmed', 'ahmed', '109');
INSERT INTO `sug_rev` VALUES ('420', 'ahmed', 'ahmed', 'ahmed', 'ahmed', '109');
INSERT INTO `sug_rev` VALUES ('424', ' ahmed', ' ahmed', ' ahmed', 'ahmed', '110');
INSERT INTO `sug_rev` VALUES ('425', ' ahmed', ' ahmed', ' ahmed', 'ahmed', '110');
INSERT INTO `sug_rev` VALUES ('426', ' ahmed', ' ahmed', ' ahmed', 'ahmed', '110');
INSERT INTO `sug_rev` VALUES ('427', '', '', '', '', '120');
INSERT INTO `sug_rev` VALUES ('428', '', '', '', '', '120');
INSERT INTO `sug_rev` VALUES ('429', '', '', '', '', '120');
INSERT INTO `sug_rev` VALUES ('430', '', '', '', '', '121');
INSERT INTO `sug_rev` VALUES ('431', '', '', '', '', '121');
INSERT INTO `sug_rev` VALUES ('432', '', '', '', '', '121');
INSERT INTO `sug_rev` VALUES ('433', '', '', '', '', '123');
INSERT INTO `sug_rev` VALUES ('434', '', '', '', '', '123');
INSERT INTO `sug_rev` VALUES ('435', '', '', '', '', '123');
INSERT INTO `sug_rev` VALUES ('436', '', '', '', '', '124');
INSERT INTO `sug_rev` VALUES ('437', '', '', '', '', '124');
INSERT INTO `sug_rev` VALUES ('438', '', '', '', '', '124');
INSERT INTO `sug_rev` VALUES ('439', '', '', '', '', '125');
INSERT INTO `sug_rev` VALUES ('440', '', '', '', '', '125');
INSERT INTO `sug_rev` VALUES ('441', '', '', '', '', '125');
INSERT INTO `sug_rev` VALUES ('442', '', '', '', '', '126');
INSERT INTO `sug_rev` VALUES ('443', '', '', '', '', '126');
INSERT INTO `sug_rev` VALUES ('444', '', '', '', '', '126');
INSERT INTO `sug_rev` VALUES ('445', '', '', '', '', '127');
INSERT INTO `sug_rev` VALUES ('446', '', '', '', '', '127');
INSERT INTO `sug_rev` VALUES ('447', '', '', '', '', '127');
INSERT INTO `sug_rev` VALUES ('448', '', '', '', '', '128');
INSERT INTO `sug_rev` VALUES ('449', '', '', '', '', '128');
INSERT INTO `sug_rev` VALUES ('450', '', '', '', '', '128');
INSERT INTO `sug_rev` VALUES ('451', 'sssss', 'sss', 'sss', 'sss', '129');
INSERT INTO `sug_rev` VALUES ('452', 'sss', 'ss', 'sss', 'sss', '129');
INSERT INTO `sug_rev` VALUES ('453', 'ss', 'sss', 'ss', 'ss', '129');
INSERT INTO `sug_rev` VALUES ('454', '', '', '', '', '130');
INSERT INTO `sug_rev` VALUES ('455', '', '', '', '', '130');
INSERT INTO `sug_rev` VALUES ('456', '', '', '', '', '130');
INSERT INTO `sug_rev` VALUES ('460', '', '', '', '', '132');
INSERT INTO `sug_rev` VALUES ('461', '', '', '', '', '132');
INSERT INTO `sug_rev` VALUES ('462', '', '', '', '', '132');
INSERT INTO `sug_rev` VALUES ('466', ' ', ' ', ' ', '', '133');
INSERT INTO `sug_rev` VALUES ('467', ' ', ' ', ' ', '', '133');
INSERT INTO `sug_rev` VALUES ('468', ' ', ' ', ' ', '', '133');
INSERT INTO `sug_rev` VALUES ('472', '  fazfa', '  azfaz', '  fzaf', 'fzaf', '131');
INSERT INTO `sug_rev` VALUES ('473', '  fazfazf', '  fzaf', '  fzafaz', 'zfazf', '131');
INSERT INTO `sug_rev` VALUES ('474', '  fzafaz', '  fzafaz', '  fzaf', 'faz', '131');
INSERT INTO `sug_rev` VALUES ('475', '', '', '', '', '136');
INSERT INTO `sug_rev` VALUES ('476', '', '', '', '', '136');
INSERT INTO `sug_rev` VALUES ('477', '', '', '', '', '136');
INSERT INTO `sug_rev` VALUES ('478', '', '', '', '', '139');
INSERT INTO `sug_rev` VALUES ('479', '', '', '', '', '139');
INSERT INTO `sug_rev` VALUES ('480', '', '', '', '', '139');
INSERT INTO `sug_rev` VALUES ('481', 'hhhh', 'hhh', 'hhh', 'hhh', '140');
INSERT INTO `sug_rev` VALUES ('482', 'hhh', 'hhh', 'hhh', 'hhh', '140');
INSERT INTO `sug_rev` VALUES ('483', 'hhh', 'hhh', 'hhh', 'hhhh', '140');
INSERT INTO `sug_rev` VALUES ('484', '', '', '', '', '141');
INSERT INTO `sug_rev` VALUES ('485', '', '', '', '', '141');
INSERT INTO `sug_rev` VALUES ('486', '', '', '', '', '141');
INSERT INTO `sug_rev` VALUES ('499', '    ', '    ', '    ', '', '142');
INSERT INTO `sug_rev` VALUES ('500', '    ', '    ', '    ', '', '142');
INSERT INTO `sug_rev` VALUES ('501', '    ', '    ', '    ', '', '142');
INSERT INTO `sug_rev` VALUES ('514', '   revieiw3', '    xwxw', '    xwxw', 'xwxw', '143');
INSERT INTO `sug_rev` VALUES ('515', '   revieiw 1', '    xwxwx', '    xwxwx', 'xwxw', '143');
INSERT INTO `sug_rev` VALUES ('516', '   revieiw 2', '    wxwxw', '    wxwx', 'xwxwxwxw', '143');
INSERT INTO `sug_rev` VALUES ('523', '  aaaaa', '  aaaa', '  aaaa', 'aaaa', '144');
INSERT INTO `sug_rev` VALUES ('524', '  ahmed', '  khodja', '  ', 'ad.khodja@gmail.com', '144');
INSERT INTO `sug_rev` VALUES ('525', '  aaaaaa', '  aaaaa', '  aaaaa', 'aaaaa', '144');
INSERT INTO `sug_rev` VALUES ('529', ' aaaaaa', ' aaaa', ' aaa', 'aaaa', '145');
INSERT INTO `sug_rev` VALUES ('530', ' aaaa', ' aaa', ' aaa', 'aaa', '145');
INSERT INTO `sug_rev` VALUES ('531', ' aaa', ' aaa', ' aaa', 'aaaaa', '145');
INSERT INTO `sug_rev` VALUES ('532', 'bsfbsf', 'bfsbfb', 'bfsbfs', 'sfbsfb', '146');
INSERT INTO `sug_rev` VALUES ('533', 'bfsbs', 'bfsb', 'bfsbs', 'bfsdzadazd', '146');
INSERT INTO `sug_rev` VALUES ('534', 'dzadzadza', 'dzadaz', 'dzadzad', 'dazdzad', '146');
INSERT INTO `sug_rev` VALUES ('535', '', '', '', '', '147');
INSERT INTO `sug_rev` VALUES ('536', '', '', '', '', '147');
INSERT INTO `sug_rev` VALUES ('537', '', '', '', '', '147');
INSERT INTO `sug_rev` VALUES ('538', 'SQC', 'CQSC', 'CSQCQ', 'CSQC', '148');
INSERT INTO `sug_rev` VALUES ('539', 'CSQC', 'CSQC', 'CSQ', 'CSQC', '148');
INSERT INTO `sug_rev` VALUES ('540', 'CSQC', 'SCSQC', 'CSQCQ', 'QSCSQC', '148');
INSERT INTO `sug_rev` VALUES ('544', ' ', ' ', ' ', '', '149');
INSERT INTO `sug_rev` VALUES ('545', ' ', ' ', ' ', '', '149');
INSERT INTO `sug_rev` VALUES ('546', ' ', ' ', ' ', '', '149');
INSERT INTO `sug_rev` VALUES ('547', '', '', '', '', '150');
INSERT INTO `sug_rev` VALUES ('548', '', '', '', '', '150');
INSERT INTO `sug_rev` VALUES ('549', '', '', '', '', '150');
INSERT INTO `sug_rev` VALUES ('550', 'wqwq', 'wqwq', 'wqwq', 'wqwqw', '151');
INSERT INTO `sug_rev` VALUES ('551', 'wqwqw', 'qwqwq', 'qwqw', 'wqwqw', '151');
INSERT INTO `sug_rev` VALUES ('552', 'wqwq', 'wqwq', 'wqwq', 'qwqwqwqwqw', '151');
INSERT INTO `sug_rev` VALUES ('553', 'hfdhdf', 'hdfh', 'hfdh', 'fdhdfh', '152');
INSERT INTO `sug_rev` VALUES ('554', 'hfdhdf', 'hdfhd', 'hfdhdf', 'hfdhdf', '152');
INSERT INTO `sug_rev` VALUES ('555', 'hfdhdf', 'hfdhdf', 'hfdhdf', 'hfdhfdhfdhfdh', '152');
INSERT INTO `sug_rev` VALUES ('556', '', '', '', '', '153');
INSERT INTO `sug_rev` VALUES ('557', '', '', '', '', '153');
INSERT INTO `sug_rev` VALUES ('558', '', '', '', '', '153');
INSERT INTO `sug_rev` VALUES ('559', '', '', '', '', '154');
INSERT INTO `sug_rev` VALUES ('560', '', '', '', '', '154');
INSERT INTO `sug_rev` VALUES ('561', '', '', '', '', '154');
INSERT INTO `sug_rev` VALUES ('562', '', '', '', '', '155');
INSERT INTO `sug_rev` VALUES ('563', '', '', '', '', '155');
INSERT INTO `sug_rev` VALUES ('564', '', '', '', '', '155');
INSERT INTO `sug_rev` VALUES ('565', 'bsfbs', 'bsfb', 'bfsb', 'bfsb', '156');
INSERT INTO `sug_rev` VALUES ('566', 'bsfb', 'bsd', 'bsf', 'bsf', '156');
INSERT INTO `sug_rev` VALUES ('567', 'bsfbb', 'bsfbf', 'sbb', 'bsfb', '156');
INSERT INTO `sug_rev` VALUES ('568', ' ', ' ', ' ', '', '95');
INSERT INTO `sug_rev` VALUES ('569', ' ', ' ', ' ', '', '95');
INSERT INTO `sug_rev` VALUES ('570', ' ', ' ', ' ', '', '95');
INSERT INTO `sug_rev` VALUES ('571', '', '', '', '', '157');
INSERT INTO `sug_rev` VALUES ('572', '', '', '', '', '157');
INSERT INTO `sug_rev` VALUES ('573', '', '', '', '', '157');
INSERT INTO `sug_rev` VALUES ('574', '', '', '', '', '158');
INSERT INTO `sug_rev` VALUES ('575', '', '', '', '', '158');
INSERT INTO `sug_rev` VALUES ('576', '', '', '', '', '158');
INSERT INTO `sug_rev` VALUES ('577', '', '', '', '', '159');
INSERT INTO `sug_rev` VALUES ('578', '', '', '', '', '159');
INSERT INTO `sug_rev` VALUES ('579', '', '', '', '', '159');
INSERT INTO `sug_rev` VALUES ('580', 'sss', 'sss', 'sss', 'ss', '160');
INSERT INTO `sug_rev` VALUES ('581', '', '', '', '', '160');
INSERT INTO `sug_rev` VALUES ('582', '', '', '', '', '160');
